download_priority_order,queue_role,country,wave,idno,survey_name,requirement,requirement_role,candidate_variable_rows,strong_candidate_variable_rows,candidate_file_rows,top_file_names,required_checks,acceptance_rule,raw_package_status,archive_preflight_status,current_verification_status,promotion_effect_if_passed,fill_raw_file_or_archive_member_used,fill_raw_variables_verified,fill_value_label_pass,fill_unit_or_recall_pass,fill_missing_code_pass,fill_skip_pattern_pass,fill_merge_key_or_level_pass,fill_accept_requirement,review_notes
1,core_selected_lsms_isa_aligned,Ethiopia,2021-2022,ETH_2021_ESPS-W5_v02_M,Socio-Economic Panel Survey 2021-2022,household_person_keys,merge_key_gate,12,12,11,sect1_hh_w5.dta;sect12b1_hh_w5.dta;sect1_pp_w5.dta;sect1_ph_w5.dta;sect2_pp_w5.dta;sect3_pp_w5.dta;sect4_pp_w5.dta;sect6c_hh_w5.dta;sect2_hh_w5.dta;sect3_hh_w5.dta,confirm household/person IDs; module key cardinality; duplicate keys; household-person join path; panel/wave IDs where relevant,"At least one household key and all needed person/module keys are raw-value verified, unique at the expected level, and joinable across required files.",blocked_no_original_package,blocked_no_original_archive_or_direct_files,blocked_no_original_package,unblocks household/person merge key gate,,,,,,,,,
1,core_selected_lsms_isa_aligned,Ethiopia,2021-2022,ETH_2021_ESPS-W5_v02_M,Socio-Economic Panel Survey 2021-2022,weights_and_design,survey_design_gate,12,12,11,sect_cover_hh_w5.dta;sect6b2_hh_w5.dta;sect6b3_hh_w5.dta;sect6b4_hh_w5.dta;sect6c_hh_w5.dta;sect7a_hh_w5.dta;sect7b_hh_w5.dta;sect8_hh_w5.dta;sect9_hh_w5.dta;sect10a_hh_w5.dta,confirm household/person weights; PSU/cluster; strata; sample domains; positive/nonmissing weight distribution; documentation source,Weights and design variables are raw-value verified and documented well enough for descriptive and model-weight sensitivity checks.,blocked_no_original_package,blocked_no_original_archive_or_direct_files,blocked_no_original_package,unblocks weighted prevalence and survey-design gate,,,,,,,,,
1,core_selected_lsms_isa_aligned,Ethiopia,2021-2022,ETH_2021_ESPS-W5_v02_M,Socio-Economic Panel Survey 2021-2022,consumption_or_income,financial_denominator_gate,12,12,1,cons_agg_w5.dta,confirm total consumption or income aggregate; currency; period; household level; zero/missing semantics; survey-team aggregate preference,"A household-level total consumption/income denominator is verified with unit, period, and missing semantics.",blocked_no_original_package,blocked_no_original_archive_or_direct_files,blocked_no_original_package,unblocks CHE10/CHE25 denominator review,,,,,,,,,
1,core_selected_lsms_isa_aligned,Ethiopia,2021-2022,ETH_2021_ESPS-W5_v02_M,Socio-Economic Panel Survey 2021-2022,oop_health_expenditure,financial_outcome_gate,12,12,2,sect8_3_ls_w5.dta;sect3_hh_w5.dta,confirm OOP health expenditure variables; payer scope; service/drug categories; recall periods; zero vs missing; aggregation policy,OOP health spending inputs are raw-value verified with recall period and aggregation policy documented.,blocked_no_original_package,blocked_no_original_archive_or_direct_files,blocked_no_original_package,unblocks financial-protection outcome construction review,,,,,,,,,
1,core_selected_lsms_isa_aligned,Ethiopia,2021-2022,ETH_2021_ESPS-W5_v02_M,Socio-Economic Panel Survey 2021-2022,health_need_and_access,access_outcome_gate,12,9,3,sect04_com_w5.dta;sect3_hh_w5.dta;sect3_pp_w5.dta,confirm illness/need denominator; care sought; care not sought; cost/distance/supply barriers; skip pattern; person vs household level,"Need/access variables are raw-value verified with denominator, skip pattern, and barrier coding documented.",blocked_no_original_package,blocked_no_original_archive_or_direct_files,blocked_no_original_package,unblocks forgone-care and double-failure outcome review,,,,,,,,,
1,core_selected_lsms_isa_aligned,Ethiopia,2021-2022,ETH_2021_ESPS-W5_v02_M,Socio-Economic Panel Survey 2021-2022,survey_timing,climate_timing_gate,12,8,10,sect_cover_pp_w5.dta;sect_cover_ph_w5.dta;sect_cover_ls_w5.dta;sect12b1_hh_w5.dta;eth_householdgeovariables_y5.dta;sect_cover_hh_w5.dta;eth_plotgeovariables_y5.dta;sect7b_hh_w5.dta;sect10a_hh_w5.dta;sect12e_hh_w5.dta,confirm interview date/month/year or fieldwork window; visit/season module; valid ranges; missing dates; usable lag-window anchor,"Survey timing is verified at month or date resolution, or a defensible fieldwork window is documented.",blocked_no_original_package,blocked_no_original_archive_or_direct_files,blocked_no_original_package,unblocks climate exposure lag-window construction,,,,,,,,,
1,core_selected_lsms_isa_aligned,Ethiopia,2021-2022,ETH_2021_ESPS-W5_v02_M,Socio-Economic Panel Survey 2021-2022,climate_geography,climate_geography_gate,12,12,6,sect_cover_hh_w5.dta;sect10a_com_w5.dta;sect_cover_pp_w5.dta;sect_cover_ph_w5.dta;sect_cover_ls_w5.dta;sect3_pp_w5.dta,confirm GPS/cluster/EA/admin variables; coordinate quality; displacement/suppression; admin codes; rural/urban; boundary crosswalk path,"A geography route is raw-value verified and can support point, cluster, EA, or admin climate linkage with quality caveats.",blocked_no_original_package,blocked_no_original_archive_or_direct_files,blocked_no_original_package,unblocks CHIRPS/ERA5 linkage route review,,,,,,,,,
1,core_selected_lsms_isa_aligned,Ethiopia,2021-2022,ETH_2021_ESPS-W5_v02_M,Socio-Economic Panel Survey 2021-2022,missing_codes_units_recall_skip_patterns,documentation_semantics_gate,0,0,0,,confirm value labels; missing/refused/don't-know codes; skip universes; units; recall periods; valid ranges; questionnaire text,"Critical variables have documented missing codes, units, recall periods, and skip patterns from raw metadata and questionnaires.",blocked_no_original_package,blocked_no_original_archive_or_direct_files,blocked_no_original_package,unblocks final raw-value promotion decision,,,,,,,,,
2,core_selected_lsms_isa_aligned,Ethiopia,2018-2019,ETH_2018_ESS_v04_M,Socioeconomic Survey 2018-2019,household_person_keys,merge_key_gate,12,12,10,sect1_hh_w4.dta;sect11b1_hh_w4.dta;sect10d1_hh_w4.dta;sect1_ph_w4.dta;sect1_pp_w4.dta;sect10b_hh_w4.dta;sect2_pp_w4.dta;sect3_pp_w4.dta;sect4_pp_w4.dta;sect5_pp_w4.dta,confirm household/person IDs; module key cardinality; duplicate keys; household-person join path; panel/wave IDs where relevant,"At least one household key and all needed person/module keys are raw-value verified, unique at the expected level, and joinable across required files.",blocked_no_original_package,blocked_no_original_archive_or_direct_files,blocked_no_original_package,unblocks household/person merge key gate,,,,,,,,,
2,core_selected_lsms_isa_aligned,Ethiopia,2018-2019,ETH_2018_ESS_v04_M,Socioeconomic Survey 2018-2019,weights_and_design,survey_design_gate,12,12,12,sect_cover_hh_w4.dta;sect_cover_ph_w4.dta;sect_cover_pp_w4.dta;sect6b2_hh_w4.dta;sect7a_hh_w4.dta;sect9_hh_w4.dta;sect1_hh_w4.dta;sect10d1_hh_w4.dta;sect10d2_hh_w4.dta;sect12b1_hh_w4.dta,confirm household/person weights; PSU/cluster; strata; sample domains; positive/nonmissing weight distribution; documentation source,Weights and design variables are raw-value verified and documented well enough for descriptive and model-weight sensitivity checks.,blocked_no_original_package,blocked_no_original_archive_or_direct_files,blocked_no_original_package,unblocks weighted prevalence and survey-design gate,,,,,,,,,
2,core_selected_lsms_isa_aligned,Ethiopia,2018-2019,ETH_2018_ESS_v04_M,Socioeconomic Survey 2018-2019,consumption_or_income,financial_denominator_gate,12,12,2,cons_agg_w4.dta;sect7a_hh_w4.dta,confirm total consumption or income aggregate; currency; period; household level; zero/missing semantics; survey-team aggregate preference,"A household-level total consumption/income denominator is verified with unit, period, and missing semantics.",blocked_no_original_package,blocked_no_original_archive_or_direct_files,blocked_no_original_package,unblocks CHE10/CHE25 denominator review,,,,,,,,,
2,core_selected_lsms_isa_aligned,Ethiopia,2018-2019,ETH_2018_ESS_v04_M,Socioeconomic Survey 2018-2019,oop_health_expenditure,financial_outcome_gate,12,12,2,sect8_3_ls_w4.dta;sect3_hh_w4.dta,confirm OOP health expenditure variables; payer scope; service/drug categories; recall periods; zero vs missing; aggregation policy,OOP health spending inputs are raw-value verified with recall period and aggregation policy documented.,blocked_no_original_package,blocked_no_original_archive_or_direct_files,blocked_no_original_package,unblocks financial-protection outcome construction review,,,,,,,,,
2,core_selected_lsms_isa_aligned,Ethiopia,2018-2019,ETH_2018_ESS_v04_M,Socioeconomic Survey 2018-2019,health_need_and_access,access_outcome_gate,12,12,2,sect04_com_w4.dta;sect3_hh_w4.dta,confirm illness/need denominator; care sought; care not sought; cost/distance/supply barriers; skip pattern; person vs household level,"Need/access variables are raw-value verified with denominator, skip pattern, and barrier coding documented.",blocked_no_original_package,blocked_no_original_archive_or_direct_files,blocked_no_original_package,unblocks forgone-care and double-failure outcome review,,,,,,,,,
2,core_selected_lsms_isa_aligned,Ethiopia,2018-2019,ETH_2018_ESS_v04_M,Socioeconomic Survey 2018-2019,survey_timing,climate_timing_gate,12,9,7,sect_cover_ph_w4.dta;sect_cover_pp_w4.dta;sect_cover_ls_w4.dta;sect_cover_hh_w4.dta;sect12b1_hh_w4.dta;ETH_HouseholdGeovariables_Y4.dta;sect15b_hh_w4.dta,confirm interview date/month/year or fieldwork window; visit/season module; valid ranges; missing dates; usable lag-window anchor,"Survey timing is verified at month or date resolution, or a defensible fieldwork window is documented.",blocked_no_original_package,blocked_no_original_archive_or_direct_files,blocked_no_original_package,unblocks climate exposure lag-window construction,,,,,,,,,
2,core_selected_lsms_isa_aligned,Ethiopia,2018-2019,ETH_2018_ESS_v04_M,Socioeconomic Survey 2018-2019,climate_geography,climate_geography_gate,12,12,6,sect_cover_ph_w4.dta;sect_cover_pp_w4.dta;sect_cover_ls_w4.dta;sect3_pp_w4.dta;sect10a_com_w4.dta;sect_cover_hh_w4.dta,confirm GPS/cluster/EA/admin variables; coordinate quality; displacement/suppression; admin codes; rural/urban; boundary crosswalk path,"A geography route is raw-value verified and can support point, cluster, EA, or admin climate linkage with quality caveats.",blocked_no_original_package,blocked_no_original_archive_or_direct_files,blocked_no_original_package,unblocks CHIRPS/ERA5 linkage route review,,,,,,,,,
2,core_selected_lsms_isa_aligned,Ethiopia,2018-2019,ETH_2018_ESS_v04_M,Socioeconomic Survey 2018-2019,missing_codes_units_recall_skip_patterns,documentation_semantics_gate,0,0,0,,confirm value labels; missing/refused/don't-know codes; skip universes; units; recall periods; valid ranges; questionnaire text,"Critical variables have documented missing codes, units, recall periods, and skip patterns from raw metadata and questionnaires.",blocked_no_original_package,blocked_no_original_archive_or_direct_files,blocked_no_original_package,unblocks final raw-value promotion decision,,,,,,,,,
3,core_replacement_primary,Malawi,2004-2005,MWI_2004_IHS-II_v01_M,Second Integrated Household Survey 2004-2005,household_person_keys,merge_key_gate,12,12,12,sec_b.NSDstat;sec_a.NSDstat;sec_f.NSDstat;sec_g.NSDstat;sec_h.NSDstat;sec_i.NSDstat;sec_j1.NSDstat;sec_j2.NSDstat;sec_k.NSDstat;sec_l.NSDstat,confirm household/person IDs; module key cardinality; duplicate keys; household-person join path; panel/wave IDs where relevant,"At least one household key and all needed person/module keys are raw-value verified, unique at the expected level, and joinable across required files.",blocked_missing_documentation,blocked_no_documentation_candidate,ready_for_manual_raw_value_review_schema_evidence_available,unblocks household/person merge key gate,,,,,,,,,
3,core_replacement_primary,Malawi,2004-2005,MWI_2004_IHS-II_v01_M,Second Integrated Household Survey 2004-2005,weights_and_design,survey_design_gate,12,12,12,sec_a.NSDstat;sec_f.NSDstat;sec_g.NSDstat;sec_h.NSDstat;sec_i.NSDstat;sec_j1.NSDstat;sec_j2.NSDstat;sec_k.NSDstat;sec_l.NSDstat;sec_m1.NSDstat,confirm household/person weights; PSU/cluster; strata; sample domains; positive/nonmissing weight distribution; documentation source,Weights and design variables are raw-value verified and documented well enough for descriptive and model-weight sensitivity checks.,blocked_missing_documentation,blocked_no_documentation_candidate,ready_for_manual_raw_value_review_schema_evidence_available,unblocks weighted prevalence and survey-design gate,,,,,,,,,
3,core_replacement_primary,Malawi,2004-2005,MWI_2004_IHS-II_v01_M,Second Integrated Household Survey 2004-2005,consumption_or_income,financial_denominator_gate,12,12,3,sec_i.NSDstat;sec_aa.NSDstat;sec_j1.NSDstat,confirm total consumption or income aggregate; currency; period; household level; zero/missing semantics; survey-team aggregate preference,"A household-level total consumption/income denominator is verified with unit, period, and missing semantics.",blocked_missing_documentation,blocked_no_documentation_candidate,ready_for_manual_raw_value_review_schema_evidence_available,unblocks CHE10/CHE25 denominator review,,,,,,,,,
3,core_replacement_primary,Malawi,2004-2005,MWI_2004_IHS-II_v01_M,Second Integrated Household Survey 2004-2005,oop_health_expenditure,financial_outcome_gate,12,5,1,sec_d.NSDstat,confirm OOP health expenditure variables; payer scope; service/drug categories; recall periods; zero vs missing; aggregation policy,OOP health spending inputs are raw-value verified with recall period and aggregation policy documented.,blocked_missing_documentation,blocked_no_documentation_candidate,ready_for_manual_raw_value_review_schema_evidence_available,unblocks financial-protection outcome construction review,,,,,,,,,
3,core_replacement_primary,Malawi,2004-2005,MWI_2004_IHS-II_v01_M,Second Integrated Household Survey 2004-2005,health_need_and_access,access_outcome_gate,12,8,2,mod_d.NSDstat;sec_d.NSDstat,confirm illness/need denominator; care sought; care not sought; cost/distance/supply barriers; skip pattern; person vs household level,"Need/access variables are raw-value verified with denominator, skip pattern, and barrier coding documented.",blocked_missing_documentation,blocked_no_documentation_candidate,ready_for_manual_raw_value_review_schema_evidence_available,unblocks forgone-care and double-failure outcome review,,,,,,,,,
3,core_replacement_primary,Malawi,2004-2005,MWI_2004_IHS-II_v01_M,Second Integrated Household Survey 2004-2005,survey_timing,climate_timing_gate,12,4,7,ihs2_household.NSDstat;ihs2_individ.NSDstat;sec_c.NSDstat;sec_a.NSDstat;sec_q1.NSDstat;sec_v.NSDstat;sec_z1.NSDstat,confirm interview date/month/year or fieldwork window; visit/season module; valid ranges; missing dates; usable lag-window anchor,"Survey timing is verified at month or date resolution, or a defensible fieldwork window is documented.",blocked_missing_documentation,blocked_no_documentation_candidate,ready_for_manual_raw_value_review_schema_evidence_available,unblocks climate exposure lag-window construction,,,,,,,,,
3,core_replacement_primary,Malawi,2004-2005,MWI_2004_IHS-II_v01_M,Second Integrated Household Survey 2004-2005,climate_geography,climate_geography_gate,12,12,12,sec_a.NSDstat;sec_f.NSDstat;sec_g.NSDstat;sec_h.NSDstat;sec_i.NSDstat;sec_j1.NSDstat;sec_j2.NSDstat;sec_k.NSDstat;sec_l.NSDstat;sec_m1.NSDstat,confirm GPS/cluster/EA/admin variables; coordinate quality; displacement/suppression; admin codes; rural/urban; boundary crosswalk path,"A geography route is raw-value verified and can support point, cluster, EA, or admin climate linkage with quality caveats.",blocked_missing_documentation,blocked_no_documentation_candidate,ready_for_manual_raw_value_review_schema_evidence_available,unblocks CHIRPS/ERA5 linkage route review,,,,,,,,,
3,core_replacement_primary,Malawi,2004-2005,MWI_2004_IHS-II_v01_M,Second Integrated Household Survey 2004-2005,missing_codes_units_recall_skip_patterns,documentation_semantics_gate,0,0,0,,confirm value labels; missing/refused/don't-know codes; skip universes; units; recall periods; valid ranges; questionnaire text,"Critical variables have documented missing codes, units, recall periods, and skip patterns from raw metadata and questionnaires.",blocked_missing_documentation,blocked_no_documentation_candidate,blocked_archive_or_direct_file_preflight_not_ready,unblocks final raw-value promotion decision,,,,,,,,,
4,core_selected_lsms_isa_aligned,Nigeria,2012-2013,NGA_2012_GHSP-W2_v02_M,"General Household Survey, Panel  2012-2013, Wave 2",household_person_keys,merge_key_gate,12,12,12,sect1_plantingw2;sect1_harvestw2;secta10_harvestw2;sect11a_plantingw2;sect11a1_plantingw2;sect12_plantingw2;HHTrack;secta_harvestw2;secta_plantingw2;sect2_plantingw2,confirm household/person IDs; module key cardinality; duplicate keys; household-person join path; panel/wave IDs where relevant,"At least one household key and all needed person/module keys are raw-value verified, unique at the expected level, and joinable across required files.",blocked_no_original_package,blocked_no_original_archive_or_direct_files,blocked_no_original_package,unblocks household/person merge key gate,,,,,,,,,
4,core_selected_lsms_isa_aligned,Nigeria,2012-2013,NGA_2012_GHSP-W2_v02_M,"General Household Survey, Panel  2012-2013, Wave 2",weights_and_design,survey_design_gate,12,12,4,cons_agg_wave2_visit1;cons_agg_wave2_visit2;HHTrack;secta_harvestw2,confirm household/person weights; PSU/cluster; strata; sample domains; positive/nonmissing weight distribution; documentation source,Weights and design variables are raw-value verified and documented well enough for descriptive and model-weight sensitivity checks.,blocked_no_original_package,blocked_no_original_archive_or_direct_files,blocked_no_original_package,unblocks weighted prevalence and survey-design gate,,,,,,,,,
4,core_selected_lsms_isa_aligned,Nigeria,2012-2013,NGA_2012_GHSP-W2_v02_M,"General Household Survey, Panel  2012-2013, Wave 2",consumption_or_income,financial_denominator_gate,12,12,4,cons_agg_wave2_visit1;cons_agg_wave2_visit2;sect8e_plantingw2;sect8a_plantingw2,confirm total consumption or income aggregate; currency; period; household level; zero/missing semantics; survey-team aggregate preference,"A household-level total consumption/income denominator is verified with unit, period, and missing semantics.",blocked_no_original_package,blocked_no_original_archive_or_direct_files,blocked_no_original_package,unblocks CHE10/CHE25 denominator review,,,,,,,,,
4,core_selected_lsms_isa_aligned,Nigeria,2012-2013,NGA_2012_GHSP-W2_v02_M,"General Household Survey, Panel  2012-2013, Wave 2",oop_health_expenditure,financial_outcome_gate,6,6,1,sect4a_harvestw2,confirm OOP health expenditure variables; payer scope; service/drug categories; recall periods; zero vs missing; aggregation policy,OOP health spending inputs are raw-value verified with recall period and aggregation policy documented.,blocked_no_original_package,blocked_no_original_archive_or_direct_files,blocked_no_original_package,unblocks financial-protection outcome construction review,,,,,,,,,
4,core_selected_lsms_isa_aligned,Nigeria,2012-2013,NGA_2012_GHSP-W2_v02_M,"General Household Survey, Panel  2012-2013, Wave 2",health_need_and_access,access_outcome_gate,12,9,3,sect4a_harvestw2;secta7_harvestw2;sect4b_harvestw2,confirm illness/need denominator; care sought; care not sought; cost/distance/supply barriers; skip pattern; person vs household level,"Need/access variables are raw-value verified with denominator, skip pattern, and barrier coding documented.",blocked_no_original_package,blocked_no_original_archive_or_direct_files,blocked_no_original_package,unblocks forgone-care and double-failure outcome review,,,,,,,,,
4,core_selected_lsms_isa_aligned,Nigeria,2012-2013,NGA_2012_GHSP-W2_v02_M,"General Household Survey, Panel  2012-2013, Wave 2",survey_timing,climate_timing_gate,12,12,1,secta_harvestw2,confirm interview date/month/year or fieldwork window; visit/season module; valid ranges; missing dates; usable lag-window anchor,"Survey timing is verified at month or date resolution, or a defensible fieldwork window is documented.",blocked_no_original_package,blocked_no_original_archive_or_direct_files,blocked_no_original_package,unblocks climate exposure lag-window construction,,,,,,,,,
4,core_selected_lsms_isa_aligned,Nigeria,2012-2013,NGA_2012_GHSP-W2_v02_M,"General Household Survey, Panel  2012-2013, Wave 2",climate_geography,climate_geography_gate,12,4,5,NGA_HouseholdGeovars_Y2;cons_agg_wave2_visit1;cons_agg_wave2_visit2;HHTrack;secta_harvestw2,confirm GPS/cluster/EA/admin variables; coordinate quality; displacement/suppression; admin codes; rural/urban; boundary crosswalk path,"A geography route is raw-value verified and can support point, cluster, EA, or admin climate linkage with quality caveats.",blocked_no_original_package,blocked_no_original_archive_or_direct_files,blocked_no_original_package,unblocks CHIRPS/ERA5 linkage route review,,,,,,,,,
4,core_selected_lsms_isa_aligned,Nigeria,2012-2013,NGA_2012_GHSP-W2_v02_M,"General Household Survey, Panel  2012-2013, Wave 2",missing_codes_units_recall_skip_patterns,documentation_semantics_gate,0,0,0,,confirm value labels; missing/refused/don't-know codes; skip universes; units; recall periods; valid ranges; questionnaire text,"Critical variables have documented missing codes, units, recall periods, and skip patterns from raw metadata and questionnaires.",blocked_no_original_package,blocked_no_original_archive_or_direct_files,blocked_no_original_package,unblocks final raw-value promotion decision,,,,,,,,,
5,core_selected_lsms_isa_aligned,Nigeria,2015-2016,NGA_2015_GHSP-W3_v02_M,"General Household Survey, Panel  2015-2016, Wave 3",household_person_keys,merge_key_gate,12,12,12,sect11a_plantingw3;sect1_plantingw3;sect11a1_plantingw3;sect12_plantingw3;sect1_harvestw3;secta10_harvestw3;sect7a_plantingw3;sect7b_plantingw3;sect10b_harvestw3;HHTrack,confirm household/person IDs; module key cardinality; duplicate keys; household-person join path; panel/wave IDs where relevant,"At least one household key and all needed person/module keys are raw-value verified, unique at the expected level, and joinable across required files.",blocked_no_original_package,blocked_no_original_archive_or_direct_files,blocked_no_original_package,unblocks household/person merge key gate,,,,,,,,,
5,core_selected_lsms_isa_aligned,Nigeria,2015-2016,NGA_2015_GHSP-W3_v02_M,"General Household Survey, Panel  2015-2016, Wave 3",weights_and_design,survey_design_gate,12,12,5,sectc1_harvestw3;sectc2_harvestw3;cons_agg_wave3_visit1;cons_agg_wave3_visit2;HHTrack,confirm household/person weights; PSU/cluster; strata; sample domains; positive/nonmissing weight distribution; documentation source,Weights and design variables are raw-value verified and documented well enough for descriptive and model-weight sensitivity checks.,blocked_no_original_package,blocked_no_original_archive_or_direct_files,blocked_no_original_package,unblocks weighted prevalence and survey-design gate,,,,,,,,,
5,core_selected_lsms_isa_aligned,Nigeria,2015-2016,NGA_2015_GHSP-W3_v02_M,"General Household Survey, Panel  2015-2016, Wave 3",consumption_or_income,financial_denominator_gate,12,12,3,cons_agg_wave3_visit1;cons_agg_wave3_visit2;sect8a_plantingw3,confirm total consumption or income aggregate; currency; period; household level; zero/missing semantics; survey-team aggregate preference,"A household-level total consumption/income denominator is verified with unit, period, and missing semantics.",blocked_no_original_package,blocked_no_original_archive_or_direct_files,blocked_no_original_package,unblocks CHE10/CHE25 denominator review,,,,,,,,,
5,core_selected_lsms_isa_aligned,Nigeria,2015-2016,NGA_2015_GHSP-W3_v02_M,"General Household Survey, Panel  2015-2016, Wave 3",oop_health_expenditure,financial_outcome_gate,6,6,1,sect4a_harvestw3,confirm OOP health expenditure variables; payer scope; service/drug categories; recall periods; zero vs missing; aggregation policy,OOP health spending inputs are raw-value verified with recall period and aggregation policy documented.,blocked_no_original_package,blocked_no_original_archive_or_direct_files,blocked_no_original_package,unblocks financial-protection outcome construction review,,,,,,,,,
5,core_selected_lsms_isa_aligned,Nigeria,2015-2016,NGA_2015_GHSP-W3_v02_M,"General Household Survey, Panel  2015-2016, Wave 3",health_need_and_access,access_outcome_gate,12,8,2,sect4a_harvestw3;sect3_plantingw3,confirm illness/need denominator; care sought; care not sought; cost/distance/supply barriers; skip pattern; person vs household level,"Need/access variables are raw-value verified with denominator, skip pattern, and barrier coding documented.",blocked_no_original_package,blocked_no_original_archive_or_direct_files,blocked_no_original_package,unblocks forgone-care and double-failure outcome review,,,,,,,,,
5,core_selected_lsms_isa_aligned,Nigeria,2015-2016,NGA_2015_GHSP-W3_v02_M,"General Household Survey, Panel  2015-2016, Wave 3",survey_timing,climate_timing_gate,12,12,1,secta_harvestw3,confirm interview date/month/year or fieldwork window; visit/season module; valid ranges; missing dates; usable lag-window anchor,"Survey timing is verified at month or date resolution, or a defensible fieldwork window is documented.",blocked_no_original_package,blocked_no_original_archive_or_direct_files,blocked_no_original_package,unblocks climate exposure lag-window construction,,,,,,,,,
5,core_selected_lsms_isa_aligned,Nigeria,2015-2016,NGA_2015_GHSP-W3_v02_M,"General Household Survey, Panel  2015-2016, Wave 3",climate_geography,climate_geography_gate,12,12,6,NGA_HouseholdGeovars_Y3;sectc1_harvestw3;sectc2_harvestw3;cons_agg_wave3_visit1;cons_agg_wave3_visit2;sect1_harvestw3,confirm GPS/cluster/EA/admin variables; coordinate quality; displacement/suppression; admin codes; rural/urban; boundary crosswalk path,"A geography route is raw-value verified and can support point, cluster, EA, or admin climate linkage with quality caveats.",blocked_no_original_package,blocked_no_original_archive_or_direct_files,blocked_no_original_package,unblocks CHIRPS/ERA5 linkage route review,,,,,,,,,
5,core_selected_lsms_isa_aligned,Nigeria,2015-2016,NGA_2015_GHSP-W3_v02_M,"General Household Survey, Panel  2015-2016, Wave 3",missing_codes_units_recall_skip_patterns,documentation_semantics_gate,0,0,0,,confirm value labels; missing/refused/don't-know codes; skip universes; units; recall periods; valid ranges; questionnaire text,"Critical variables have documented missing codes, units, recall periods, and skip patterns from raw metadata and questionnaires.",blocked_no_original_package,blocked_no_original_archive_or_direct_files,blocked_no_original_package,unblocks final raw-value promotion decision,,,,,,,,,
6,core_selected_lsms_isa_aligned,Nigeria,2010-2011,NGA_2010_GHSP-W1_v03_M,"General Household Survey, Panel 2010-2011, Wave 1",household_person_keys,merge_key_gate,12,12,12,secta7_harvestw1;secta8_harvestw1;secta9a1_harvestw1;secta9a2_harvestw1;secta9b1_harvestw1;secta9b2_harvestw1;secta10_harvestw1;secta41_harvestw1;secta42_harvestw1;sectaa_harvestw1,confirm household/person IDs; module key cardinality; duplicate keys; household-person join path; panel/wave IDs where relevant,"At least one household key and all needed person/module keys are raw-value verified, unique at the expected level, and joinable across required files.",blocked_no_original_package,blocked_no_original_archive_or_direct_files,blocked_no_original_package,unblocks household/person merge key gate,,,,,,,,,
6,core_selected_lsms_isa_aligned,Nigeria,2010-2011,NGA_2010_GHSP-W1_v03_M,"General Household Survey, Panel 2010-2011, Wave 1",weights_and_design,survey_design_gate,12,4,8,cons_agg_wave1_visit1;cons_agg_wave1_visit2;NGA_HouseholdGeovariables_Y1;secta7_harvestw1;secta8_harvestw1;secta9a1_harvestw1;secta9a2_harvestw1;secta9b1_harvestw1,confirm household/person weights; PSU/cluster; strata; sample domains; positive/nonmissing weight distribution; documentation source,Weights and design variables are raw-value verified and documented well enough for descriptive and model-weight sensitivity checks.,blocked_no_original_package,blocked_no_original_archive_or_direct_files,blocked_no_original_package,unblocks weighted prevalence and survey-design gate,,,,,,,,,
6,core_selected_lsms_isa_aligned,Nigeria,2010-2011,NGA_2010_GHSP-W1_v03_M,"General Household Survey, Panel 2010-2011, Wave 1",consumption_or_income,financial_denominator_gate,12,12,2,cons_agg_wave1_visit1;cons_agg_wave1_visit2,confirm total consumption or income aggregate; currency; period; household level; zero/missing semantics; survey-team aggregate preference,"A household-level total consumption/income denominator is verified with unit, period, and missing semantics.",blocked_no_original_package,blocked_no_original_archive_or_direct_files,blocked_no_original_package,unblocks CHE10/CHE25 denominator review,,,,,,,,,
6,core_selected_lsms_isa_aligned,Nigeria,2010-2011,NGA_2010_GHSP-W1_v03_M,"General Household Survey, Panel 2010-2011, Wave 1",oop_health_expenditure,financial_outcome_gate,5,5,1,sect4a_harvestw1,confirm OOP health expenditure variables; payer scope; service/drug categories; recall periods; zero vs missing; aggregation policy,OOP health spending inputs are raw-value verified with recall period and aggregation policy documented.,blocked_no_original_package,blocked_no_original_archive_or_direct_files,blocked_no_original_package,unblocks financial-protection outcome construction review,,,,,,,,,
6,core_selected_lsms_isa_aligned,Nigeria,2010-2011,NGA_2010_GHSP-W1_v03_M,"General Household Survey, Panel 2010-2011, Wave 1",health_need_and_access,access_outcome_gate,12,8,3,sect4a_harvestw1;sect4b_harvestw1;sect3a_harvestw1,confirm illness/need denominator; care sought; care not sought; cost/distance/supply barriers; skip pattern; person vs household level,"Need/access variables are raw-value verified with denominator, skip pattern, and barrier coding documented.",blocked_no_original_package,blocked_no_original_archive_or_direct_files,blocked_no_original_package,unblocks forgone-care and double-failure outcome review,,,,,,,,,
6,core_selected_lsms_isa_aligned,Nigeria,2010-2011,NGA_2010_GHSP-W1_v03_M,"General Household Survey, Panel 2010-2011, Wave 1",survey_timing,climate_timing_gate,12,12,2,sectc_plantingw1;secta_harvestw1,confirm interview date/month/year or fieldwork window; visit/season module; valid ranges; missing dates; usable lag-window anchor,"Survey timing is verified at month or date resolution, or a defensible fieldwork window is documented.",blocked_no_original_package,blocked_no_original_archive_or_direct_files,blocked_no_original_package,unblocks climate exposure lag-window construction,,,,,,,,,
6,core_selected_lsms_isa_aligned,Nigeria,2010-2011,NGA_2010_GHSP-W1_v03_M,"General Household Survey, Panel 2010-2011, Wave 1",climate_geography,climate_geography_gate,12,12,3,NGA_HouseholdGeovariables_Y1;cons_agg_wave1_visit1;cons_agg_wave1_visit2,confirm GPS/cluster/EA/admin variables; coordinate quality; displacement/suppression; admin codes; rural/urban; boundary crosswalk path,"A geography route is raw-value verified and can support point, cluster, EA, or admin climate linkage with quality caveats.",blocked_no_original_package,blocked_no_original_archive_or_direct_files,blocked_no_original_package,unblocks CHIRPS/ERA5 linkage route review,,,,,,,,,
6,core_selected_lsms_isa_aligned,Nigeria,2010-2011,NGA_2010_GHSP-W1_v03_M,"General Household Survey, Panel 2010-2011, Wave 1",missing_codes_units_recall_skip_patterns,documentation_semantics_gate,0,0,0,,confirm value labels; missing/refused/don't-know codes; skip universes; units; recall periods; valid ranges; questionnaire text,"Critical variables have documented missing codes, units, recall periods, and skip patterns from raw metadata and questionnaires.",blocked_no_original_package,blocked_no_original_archive_or_direct_files,blocked_no_original_package,unblocks final raw-value promotion decision,,,,,,,,,
7,core_selected_lsms_isa_aligned,Tanzania,2008-2009,TZA_2008_NPS-R1_v03_M,"National Panel Survey 2008-2009, Wave 1",household_person_keys,merge_key_gate,12,12,11,SEC_B_C_D_E1_F_G1_U_Swahili_Labels;Agriculture SEC_1_ALL_Swahili_Labels;SEC_2A_Swahili_Labels;SEC_2B_Swahili_Labels;SEC_B_C_D_E1_F_G1_U_English_Labels;SEC_2A_English_Labels;SEC_2B_English_Labels;SEC_A_T_Swahili_Labels;SEC_A_T_English_Labels;SEC_N_Swahili_Labels,confirm household/person IDs; module key cardinality; duplicate keys; household-person join path; panel/wave IDs where relevant,"At least one household key and all needed person/module keys are raw-value verified, unique at the expected level, and joinable across required files.",blocked_no_original_package,blocked_no_original_archive_or_direct_files,blocked_no_original_package,unblocks household/person merge key gate,,,,,,,,,
7,core_selected_lsms_isa_aligned,Tanzania,2008-2009,TZA_2008_NPS-R1_v03_M,"National Panel Survey 2008-2009, Wave 1",weights_and_design,survey_design_gate,12,12,7,nps_weights_oct2010;SEC_A_T_English_Labels;TZY1.HH.Consumption;SEC_A_T_Swahili_Labels;SECTA1A2_Swahili_Labels;SECTCB_Swahili_Labels;SECTCEFG,confirm household/person weights; PSU/cluster; strata; sample domains; positive/nonmissing weight distribution; documentation source,Weights and design variables are raw-value verified and documented well enough for descriptive and model-weight sensitivity checks.,blocked_no_original_package,blocked_no_original_archive_or_direct_files,blocked_no_original_package,unblocks weighted prevalence and survey-design gate,,,,,,,,,
7,core_selected_lsms_isa_aligned,Tanzania,2008-2009,TZA_2008_NPS-R1_v03_M,"National Panel Survey 2008-2009, Wave 1",consumption_or_income,financial_denominator_gate,12,12,3,TZY1.HH.Consumption;SEC_L_Swahili_Labels;SEC_M_Swahili_Labels,confirm total consumption or income aggregate; currency; period; household level; zero/missing semantics; survey-team aggregate preference,"A household-level total consumption/income denominator is verified with unit, period, and missing semantics.",blocked_no_original_package,blocked_no_original_archive_or_direct_files,blocked_no_original_package,unblocks CHE10/CHE25 denominator review,,,,,,,,,
7,core_selected_lsms_isa_aligned,Tanzania,2008-2009,TZA_2008_NPS-R1_v03_M,"National Panel Survey 2008-2009, Wave 1",oop_health_expenditure,financial_outcome_gate,12,12,2,SEC_B_C_D_E1_F_G1_U_English_Labels;SEC_B_C_D_E1_F_G1_U_Swahili_Labels,confirm OOP health expenditure variables; payer scope; service/drug categories; recall periods; zero vs missing; aggregation policy,OOP health spending inputs are raw-value verified with recall period and aggregation policy documented.,blocked_no_original_package,blocked_no_original_archive_or_direct_files,blocked_no_original_package,unblocks financial-protection outcome construction review,,,,,,,,,
7,core_selected_lsms_isa_aligned,Tanzania,2008-2009,TZA_2008_NPS-R1_v03_M,"National Panel Survey 2008-2009, Wave 1",health_need_and_access,access_outcome_gate,12,0,2,SEC_B_C_D_E1_F_G1_U_English_Labels;SEC_I_English_Labels,confirm illness/need denominator; care sought; care not sought; cost/distance/supply barriers; skip pattern; person vs household level,"Need/access variables are raw-value verified with denominator, skip pattern, and barrier coding documented.",blocked_no_original_package,blocked_no_original_archive_or_direct_files,blocked_no_original_package,unblocks forgone-care and double-failure outcome review,,,,,,,,,
7,core_selected_lsms_isa_aligned,Tanzania,2008-2009,TZA_2008_NPS-R1_v03_M,"National Panel Survey 2008-2009, Wave 1",survey_timing,climate_timing_gate,12,3,5,SECTA1A2_English_Labels;TZY1.HH.Consumption;SEC_A_T_Swahili_Labels;SEC_R_Swahili_Labels;SEC_A_T_English_Labels,confirm interview date/month/year or fieldwork window; visit/season module; valid ranges; missing dates; usable lag-window anchor,"Survey timing is verified at month or date resolution, or a defensible fieldwork window is documented.",blocked_no_original_package,blocked_no_original_archive_or_direct_files,blocked_no_original_package,unblocks climate exposure lag-window construction,,,,,,,,,
7,core_selected_lsms_isa_aligned,Tanzania,2008-2009,TZA_2008_NPS-R1_v03_M,"National Panel Survey 2008-2009, Wave 1",climate_geography,climate_geography_gate,12,12,9,HH.Geovariables_Y1;SEC_A_T_Swahili_Labels;SEC_A_T_English_Labels;SECTA1A2_Swahili_Labels;SECTCB_Swahili_Labels;SECTCEFG;SECTCH;SECTCI;SECTCJ_S,confirm GPS/cluster/EA/admin variables; coordinate quality; displacement/suppression; admin codes; rural/urban; boundary crosswalk path,"A geography route is raw-value verified and can support point, cluster, EA, or admin climate linkage with quality caveats.",blocked_no_original_package,blocked_no_original_archive_or_direct_files,blocked_no_original_package,unblocks CHIRPS/ERA5 linkage route review,,,,,,,,,
7,core_selected_lsms_isa_aligned,Tanzania,2008-2009,TZA_2008_NPS-R1_v03_M,"National Panel Survey 2008-2009, Wave 1",missing_codes_units_recall_skip_patterns,documentation_semantics_gate,0,0,0,,confirm value labels; missing/refused/don't-know codes; skip universes; units; recall periods; valid ranges; questionnaire text,"Critical variables have documented missing codes, units, recall periods, and skip patterns from raw metadata and questionnaires.",blocked_no_original_package,blocked_no_original_archive_or_direct_files,blocked_no_original_package,unblocks final raw-value promotion decision,,,,,,,,,
8,core_selected_lsms_isa_aligned,Tanzania,2010-2011,TZA_2010_NPS-R2_v03_M,"National Panel Survey 2010-2011, Wave 2",household_person_keys,merge_key_gate,12,12,11,HH_SEC_B;AG_SEC10B;AG_SEC7A;AG_SEC7B;TZY2.HH.Consumption;FS_J1;FS_J3;FS_C1;FS_E1;FS_E2,confirm household/person IDs; module key cardinality; duplicate keys; household-person join path; panel/wave IDs where relevant,"At least one household key and all needed person/module keys are raw-value verified, unique at the expected level, and joinable across required files.",blocked_no_original_package,blocked_no_original_archive_or_direct_files,blocked_no_original_package,unblocks household/person merge key gate,,,,,,,,,
8,core_selected_lsms_isa_aligned,Tanzania,2010-2011,TZA_2010_NPS-R2_v03_M,"National Panel Survey 2010-2011, Wave 2",weights_and_design,survey_design_gate,12,12,11,TZY1.HH.Consumption;TZY2.HH.Consumption;HH_SEC_A;Plot.Geovariables_Y2;HH.Geovariables_Y2;COMSEC_CA;COMSEC_CB;COMSEC_CD;COMSEC_CE;COMSEC_CF,confirm household/person weights; PSU/cluster; strata; sample domains; positive/nonmissing weight distribution; documentation source,Weights and design variables are raw-value verified and documented well enough for descriptive and model-weight sensitivity checks.,blocked_no_original_package,blocked_no_original_archive_or_direct_files,blocked_no_original_package,unblocks weighted prevalence and survey-design gate,,,,,,,,,
8,core_selected_lsms_isa_aligned,Tanzania,2010-2011,TZA_2010_NPS-R2_v03_M,"National Panel Survey 2010-2011, Wave 2",consumption_or_income,financial_denominator_gate,12,12,3,TZY1.HH.Consumption;TZY2.HH.Consumption;HH_SEC_L,confirm total consumption or income aggregate; currency; period; household level; zero/missing semantics; survey-team aggregate preference,"A household-level total consumption/income denominator is verified with unit, period, and missing semantics.",blocked_no_original_package,blocked_no_original_archive_or_direct_files,blocked_no_original_package,unblocks CHE10/CHE25 denominator review,,,,,,,,,
8,core_selected_lsms_isa_aligned,Tanzania,2010-2011,TZA_2010_NPS-R2_v03_M,"National Panel Survey 2010-2011, Wave 2",oop_health_expenditure,financial_outcome_gate,8,8,1,HH_SEC_D,confirm OOP health expenditure variables; payer scope; service/drug categories; recall periods; zero vs missing; aggregation policy,OOP health spending inputs are raw-value verified with recall period and aggregation policy documented.,blocked_no_original_package,blocked_no_original_archive_or_direct_files,blocked_no_original_package,unblocks financial-protection outcome construction review,,,,,,,,,
8,core_selected_lsms_isa_aligned,Tanzania,2010-2011,TZA_2010_NPS-R2_v03_M,"National Panel Survey 2010-2011, Wave 2",health_need_and_access,access_outcome_gate,12,2,6,HH_SEC_D;FS_H2;FS_N2;HH_SEC_G;TZY1.HH.Consumption;TZY2.HH.Consumption,confirm illness/need denominator; care sought; care not sought; cost/distance/supply barriers; skip pattern; person vs household level,"Need/access variables are raw-value verified with denominator, skip pattern, and barrier coding documented.",blocked_no_original_package,blocked_no_original_archive_or_direct_files,blocked_no_original_package,unblocks forgone-care and double-failure outcome review,,,,,,,,,
8,core_selected_lsms_isa_aligned,Tanzania,2010-2011,TZA_2010_NPS-R2_v03_M,"National Panel Survey 2010-2011, Wave 2",survey_timing,climate_timing_gate,12,4,6,TZY1.HH.Consumption;TZY2.HH.Consumption;HH_SEC_A;HH_SEC_C;HH_SEC_D;HH_SEC_E1,confirm interview date/month/year or fieldwork window; visit/season module; valid ranges; missing dates; usable lag-window anchor,"Survey timing is verified at month or date resolution, or a defensible fieldwork window is documented.",blocked_no_original_package,blocked_no_original_archive_or_direct_files,blocked_no_original_package,unblocks climate exposure lag-window construction,,,,,,,,,
8,core_selected_lsms_isa_aligned,Tanzania,2010-2011,TZA_2010_NPS-R2_v03_M,"National Panel Survey 2010-2011, Wave 2",climate_geography,climate_geography_gate,12,12,6,TZY2.EA.Offsets;Plot.Geovariables_Y2;TZY1.HH.Consumption;TZY2.HH.Consumption;HH.Geovariables_Y2;HH_SEC_A,confirm GPS/cluster/EA/admin variables; coordinate quality; displacement/suppression; admin codes; rural/urban; boundary crosswalk path,"A geography route is raw-value verified and can support point, cluster, EA, or admin climate linkage with quality caveats.",blocked_no_original_package,blocked_no_original_archive_or_direct_files,blocked_no_original_package,unblocks CHIRPS/ERA5 linkage route review,,,,,,,,,
8,core_selected_lsms_isa_aligned,Tanzania,2010-2011,TZA_2010_NPS-R2_v03_M,"National Panel Survey 2010-2011, Wave 2",missing_codes_units_recall_skip_patterns,documentation_semantics_gate,0,0,0,,confirm value labels; missing/refused/don't-know codes; skip universes; units; recall periods; valid ranges; questionnaire text,"Critical variables have documented missing codes, units, recall periods, and skip patterns from raw metadata and questionnaires.",blocked_no_original_package,blocked_no_original_archive_or_direct_files,blocked_no_original_package,unblocks final raw-value promotion decision,,,,,,,,,
9,core_selected_lsms_isa_aligned,Tanzania,2012-2013,TZA_2012_NPS-R3_v01_M,"National Panel Survey 2012-2013, Wave 3",household_person_keys,merge_key_gate,12,12,11,HH_SEC_B.NSDstat;AG_SEC_01.NSDstat;AG_SEC_2A.NSDstat;AG_SEC_2B.NSDstat;LF_NETWORK.NSDstat;LF_SEC_01.NSDstat;AG_SEC_08.NSDstat;AG_SEC_11.NSDstat;AG_SEC_12A.NSDstat;AG_SEC_12B.NSDstat,confirm household/person IDs; module key cardinality; duplicate keys; household-person join path; panel/wave IDs where relevant,"At least one household key and all needed person/module keys are raw-value verified, unique at the expected level, and joinable across required files.",blocked_no_original_package,blocked_no_original_archive_or_direct_files,blocked_no_original_package,unblocks household/person merge key gate,,,,,,,,,
9,core_selected_lsms_isa_aligned,Tanzania,2012-2013,TZA_2012_NPS-R3_v01_M,"National Panel Survey 2012-2013, Wave 3",weights_and_design,survey_design_gate,12,12,6,HH_SEC_A.NSDstat;Y3_weights.NSDstat;AG_SEC_A.NSDstat;LF_SEC_A.NSDstat;COM_SEC_CG.NSDstat;COM_SEC_CD.NSDstat,confirm household/person weights; PSU/cluster; strata; sample domains; positive/nonmissing weight distribution; documentation source,Weights and design variables are raw-value verified and documented well enough for descriptive and model-weight sensitivity checks.,blocked_no_original_package,blocked_no_original_archive_or_direct_files,blocked_no_original_package,unblocks weighted prevalence and survey-design gate,,,,,,,,,
9,core_selected_lsms_isa_aligned,Tanzania,2012-2013,TZA_2012_NPS-R3_v01_M,"National Panel Survey 2012-2013, Wave 3",consumption_or_income,financial_denominator_gate,12,12,2,HH_SEC_K.NSDstat;HH_SEC_L.NSDstat,confirm total consumption or income aggregate; currency; period; household level; zero/missing semantics; survey-team aggregate preference,"A household-level total consumption/income denominator is verified with unit, period, and missing semantics.",blocked_no_original_package,blocked_no_original_archive_or_direct_files,blocked_no_original_package,unblocks CHE10/CHE25 denominator review,,,,,,,,,
9,core_selected_lsms_isa_aligned,Tanzania,2012-2013,TZA_2012_NPS-R3_v01_M,"National Panel Survey 2012-2013, Wave 3",oop_health_expenditure,financial_outcome_gate,12,12,1,HH_SEC_D.NSDstat,confirm OOP health expenditure variables; payer scope; service/drug categories; recall periods; zero vs missing; aggregation policy,OOP health spending inputs are raw-value verified with recall period and aggregation policy documented.,blocked_no_original_package,blocked_no_original_archive_or_direct_files,blocked_no_original_package,unblocks financial-protection outcome construction review,,,,,,,,,
9,core_selected_lsms_isa_aligned,Tanzania,2012-2013,TZA_2012_NPS-R3_v01_M,"National Panel Survey 2012-2013, Wave 3",health_need_and_access,access_outcome_gate,12,2,6,HH_SEC_D.NSDstat;HH_SEC_G.NSDstat;ConsumptionNPS3.NSDstat;LF_SEC_13B.NSDstat;AG_SEC_11.NSDstat;COM_SEC_CB.NSDstat,confirm illness/need denominator; care sought; care not sought; cost/distance/supply barriers; skip pattern; person vs household level,"Need/access variables are raw-value verified with denominator, skip pattern, and barrier coding documented.",blocked_no_original_package,blocked_no_original_archive_or_direct_files,blocked_no_original_package,unblocks forgone-care and double-failure outcome review,,,,,,,,,
9,core_selected_lsms_isa_aligned,Tanzania,2012-2013,TZA_2012_NPS-R3_v01_M,"National Panel Survey 2012-2013, Wave 3",survey_timing,climate_timing_gate,12,12,5,AG_SEC_A.NSDstat;HH_SEC_A.NSDstat;LF_SEC_A.NSDstat;AG_SEC_12A.NSDstat;COM_SEC_A1A2.NSDstat,confirm interview date/month/year or fieldwork window; visit/season module; valid ranges; missing dates; usable lag-window anchor,"Survey timing is verified at month or date resolution, or a defensible fieldwork window is documented.",blocked_no_original_package,blocked_no_original_archive_or_direct_files,blocked_no_original_package,unblocks climate exposure lag-window construction,,,,,,,,,
9,core_selected_lsms_isa_aligned,Tanzania,2012-2013,TZA_2012_NPS-R3_v01_M,"National Panel Survey 2012-2013, Wave 3",climate_geography,climate_geography_gate,12,12,5,AG_SEC_2A.NSDstat;AG_SEC_A.NSDstat;HH_SEC_A.NSDstat;LF_SEC_A.NSDstat;COM_SEC_A1A2.NSDstat,confirm GPS/cluster/EA/admin variables; coordinate quality; displacement/suppression; admin codes; rural/urban; boundary crosswalk path,"A geography route is raw-value verified and can support point, cluster, EA, or admin climate linkage with quality caveats.",blocked_no_original_package,blocked_no_original_archive_or_direct_files,blocked_no_original_package,unblocks CHIRPS/ERA5 linkage route review,,,,,,,,,
9,core_selected_lsms_isa_aligned,Tanzania,2012-2013,TZA_2012_NPS-R3_v01_M,"National Panel Survey 2012-2013, Wave 3",missing_codes_units_recall_skip_patterns,documentation_semantics_gate,0,0,0,,confirm value labels; missing/refused/don't-know codes; skip universes; units; recall periods; valid ranges; questionnaire text,"Critical variables have documented missing codes, units, recall periods, and skip patterns from raw metadata and questionnaires.",blocked_no_original_package,blocked_no_original_archive_or_direct_files,blocked_no_original_package,unblocks final raw-value promotion decision,,,,,,,,,
10,core_replacement_primary,Uganda,2019-2020,UGA_2019_UNPS_v03_M,National Panel Survey 2019-2020,household_person_keys,merge_key_gate,12,12,12,GSEC2.NSDstat;GSEC15C.NSDstat;GSEC15D.NSDstat;GSEC17_1.NSDstat;GSEC19.NSDstat;GSEC1.NSDstat;GSEC7_1.NSDstat;GSEC7_2.NSDstat;GSEC9.NSDstat;GSEC10_1.NSDstat,confirm household/person IDs; module key cardinality; duplicate keys; household-person join path; panel/wave IDs where relevant,"At least one household key and all needed person/module keys are raw-value verified, unique at the expected level, and joinable across required files.",blocked_no_original_package,blocked_no_original_archive_or_direct_files,blocked_no_original_package,unblocks household/person merge key gate,,,,,,,,,
10,core_replacement_primary,Uganda,2019-2020,UGA_2019_UNPS_v03_M,National Panel Survey 2019-2020,weights_and_design,survey_design_gate,12,12,12,CSEC1A.NSDstat;CSEC2.NSDstat;CSEC2A.NSDstat;CSEC2B.NSDstat;CSEC2C.NSDstat;CSEC2C_0.NSDstat;CSEC3_0.NSDstat;CSEC3A.NSDstat;CSEC3B.NSDstat;CSEC3C.NSDstat,confirm household/person weights; PSU/cluster; strata; sample domains; positive/nonmissing weight distribution; documentation source,Weights and design variables are raw-value verified and documented well enough for descriptive and model-weight sensitivity checks.,blocked_no_original_package,blocked_no_original_archive_or_direct_files,blocked_no_original_package,unblocks weighted prevalence and survey-design gate,,,,,,,,,
10,core_replacement_primary,Uganda,2019-2020,UGA_2019_UNPS_v03_M,National Panel Survey 2019-2020,consumption_or_income,financial_denominator_gate,12,12,2,pov2019_20.NSDstat;GSEC15B.NSDstat,confirm total consumption or income aggregate; currency; period; household level; zero/missing semantics; survey-team aggregate preference,"A household-level total consumption/income denominator is verified with unit, period, and missing semantics.",blocked_no_original_package,blocked_no_original_archive_or_direct_files,blocked_no_original_package,unblocks CHE10/CHE25 denominator review,,,,,,,,,
10,core_replacement_primary,Uganda,2019-2020,UGA_2019_UNPS_v03_M,National Panel Survey 2019-2020,oop_health_expenditure,financial_outcome_gate,12,12,3,GSEC5.NSDstat;GSEC6_1.NSDstat;GSEC6_3.NSDstat,confirm OOP health expenditure variables; payer scope; service/drug categories; recall periods; zero vs missing; aggregation policy,OOP health spending inputs are raw-value verified with recall period and aggregation policy documented.,blocked_no_original_package,blocked_no_original_archive_or_direct_files,blocked_no_original_package,unblocks financial-protection outcome construction review,,,,,,,,,
10,core_replacement_primary,Uganda,2019-2020,UGA_2019_UNPS_v03_M,National Panel Survey 2019-2020,health_need_and_access,access_outcome_gate,12,12,4,CSEC4L.NSDstat;CSEC2B.NSDstat;CSEC4B.NSDstat;GSEC6_1.NSDstat,confirm illness/need denominator; care sought; care not sought; cost/distance/supply barriers; skip pattern; person vs household level,"Need/access variables are raw-value verified with denominator, skip pattern, and barrier coding documented.",blocked_no_original_package,blocked_no_original_archive_or_direct_files,blocked_no_original_package,unblocks forgone-care and double-failure outcome review,,,,,,,,,
10,core_replacement_primary,Uganda,2019-2020,UGA_2019_UNPS_v03_M,National Panel Survey 2019-2020,survey_timing,climate_timing_gate,12,3,6,GSEC1.NSDstat;GSEC9.NSDstat;AGSEC9A.NSDstat;GSEC2.NSDstat;GSEC12_2.NSDstat;AGSEC5A.NSDstat,confirm interview date/month/year or fieldwork window; visit/season module; valid ranges; missing dates; usable lag-window anchor,"Survey timing is verified at month or date resolution, or a defensible fieldwork window is documented.",blocked_no_original_package,blocked_no_original_archive_or_direct_files,blocked_no_original_package,unblocks climate exposure lag-window construction,,,,,,,,,
10,core_replacement_primary,Uganda,2019-2020,UGA_2019_UNPS_v03_M,National Panel Survey 2019-2020,climate_geography,climate_geography_gate,12,12,10,GSEC1.NSDstat;pov2019_20.NSDstat;CSEC1A.NSDstat;CSEC2.NSDstat;CSEC2A.NSDstat;CSEC2B.NSDstat;CSEC2C.NSDstat;CSEC2C_0.NSDstat;CSEC3_0.NSDstat;CSEC3A.NSDstat,confirm GPS/cluster/EA/admin variables; coordinate quality; displacement/suppression; admin codes; rural/urban; boundary crosswalk path,"A geography route is raw-value verified and can support point, cluster, EA, or admin climate linkage with quality caveats.",blocked_no_original_package,blocked_no_original_archive_or_direct_files,blocked_no_original_package,unblocks CHIRPS/ERA5 linkage route review,,,,,,,,,
10,core_replacement_primary,Uganda,2019-2020,UGA_2019_UNPS_v03_M,National Panel Survey 2019-2020,missing_codes_units_recall_skip_patterns,documentation_semantics_gate,0,0,0,,confirm value labels; missing/refused/don't-know codes; skip universes; units; recall periods; valid ranges; questionnaire text,"Critical variables have documented missing codes, units, recall periods, and skip patterns from raw metadata and questionnaires.",blocked_no_original_package,blocked_no_original_archive_or_direct_files,blocked_no_original_package,unblocks final raw-value promotion decision,,,,,,,,,
11,sixth_country_backup_candidate,Jamaica,1997,JAM_1997_SLC_v01_M,Survey of Living Conditions 1997,household_person_keys,merge_key_gate,12,4,2,REC047.NSDstat;HEADS.NSDstat,confirm household/person IDs; module key cardinality; duplicate keys; household-person join path; panel/wave IDs where relevant,"At least one household key and all needed person/module keys are raw-value verified, unique at the expected level, and joinable across required files.",blocked_no_original_package,blocked_no_original_archive_or_direct_files,blocked_no_original_package,unblocks household/person merge key gate,,,,,,,,,
11,sixth_country_backup_candidate,Jamaica,1997,JAM_1997_SLC_v01_M,Survey of Living Conditions 1997,weights_and_design,survey_design_gate,12,1,10,NUTR97.NSDstat;REC001.NSDstat;REC034.NSDstat;REC041.NSDstat;ANNUAL.NSDstat;EDTOTALS.NSDstat;EXP97.NSDstat;LABORF.NSDstat;TOTMEALS.NSDstat;REC047.NSDstat,confirm household/person weights; PSU/cluster; strata; sample domains; positive/nonmissing weight distribution; documentation source,Weights and design variables are raw-value verified and documented well enough for descriptive and model-weight sensitivity checks.,blocked_no_original_package,blocked_no_original_archive_or_direct_files,blocked_no_original_package,unblocks weighted prevalence and survey-design gate,,,,,,,,,
11,sixth_country_backup_candidate,Jamaica,1997,JAM_1997_SLC_v01_M,Survey of Living Conditions 1997,consumption_or_income,financial_denominator_gate,12,12,5,ANNUAL.NSDstat;TOTGIFTS.NSDstat;FOOD.NSDstat;MEALS.NSDstat;TOTFOOD.NSDstat,confirm total consumption or income aggregate; currency; period; household level; zero/missing semantics; survey-team aggregate preference,"A household-level total consumption/income denominator is verified with unit, period, and missing semantics.",blocked_no_original_package,blocked_no_original_archive_or_direct_files,blocked_no_original_package,unblocks CHE10/CHE25 denominator review,,,,,,,,,
11,sixth_country_backup_candidate,Jamaica,1997,JAM_1997_SLC_v01_M,Survey of Living Conditions 1997,oop_health_expenditure,financial_outcome_gate,11,10,2,REC003.NSDstat;REC033.NSDstat,confirm OOP health expenditure variables; payer scope; service/drug categories; recall periods; zero vs missing; aggregation policy,OOP health spending inputs are raw-value verified with recall period and aggregation policy documented.,blocked_no_original_package,blocked_no_original_archive_or_direct_files,blocked_no_original_package,unblocks financial-protection outcome construction review,,,,,,,,,
11,sixth_country_backup_candidate,Jamaica,1997,JAM_1997_SLC_v01_M,Survey of Living Conditions 1997,health_need_and_access,access_outcome_gate,12,7,3,REC003.NSDstat;REC002.NSDstat;REC004.NSDstat,confirm illness/need denominator; care sought; care not sought; cost/distance/supply barriers; skip pattern; person vs household level,"Need/access variables are raw-value verified with denominator, skip pattern, and barrier coding documented.",blocked_no_original_package,blocked_no_original_archive_or_direct_files,blocked_no_original_package,unblocks forgone-care and double-failure outcome review,,,,,,,,,
11,sixth_country_backup_candidate,Jamaica,1997,JAM_1997_SLC_v01_M,Survey of Living Conditions 1997,survey_timing,climate_timing_gate,12,4,5,REC001.NSDstat;REC035.NSDstat;REC045.NSDstat;REC041.NSDstat;LABORF.NSDstat,confirm interview date/month/year or fieldwork window; visit/season module; valid ranges; missing dates; usable lag-window anchor,"Survey timing is verified at month or date resolution, or a defensible fieldwork window is documented.",blocked_no_original_package,blocked_no_original_archive_or_direct_files,blocked_no_original_package,unblocks climate exposure lag-window construction,,,,,,,,,
11,sixth_country_backup_candidate,Jamaica,1997,JAM_1997_SLC_v01_M,Survey of Living Conditions 1997,climate_geography,climate_geography_gate,12,1,7,EXP97.NSDstat;HEADS.NSDstat;HHSIZE.NSDstat;REC001.NSDstat;REC034.NSDstat;REC041.NSDstat;ANNUAL.NSDstat,confirm GPS/cluster/EA/admin variables; coordinate quality; displacement/suppression; admin codes; rural/urban; boundary crosswalk path,"A geography route is raw-value verified and can support point, cluster, EA, or admin climate linkage with quality caveats.",blocked_no_original_package,blocked_no_original_archive_or_direct_files,blocked_no_original_package,unblocks CHIRPS/ERA5 linkage route review,,,,,,,,,
11,sixth_country_backup_candidate,Jamaica,1997,JAM_1997_SLC_v01_M,Survey of Living Conditions 1997,missing_codes_units_recall_skip_patterns,documentation_semantics_gate,0,0,0,,confirm value labels; missing/refused/don't-know codes; skip universes; units; recall periods; valid ranges; questionnaire text,"Critical variables have documented missing codes, units, recall periods, and skip patterns from raw metadata and questionnaires.",blocked_no_original_package,blocked_no_original_archive_or_direct_files,blocked_no_original_package,unblocks final raw-value promotion decision,,,,,,,,,
12,sixth_country_backup_candidate,Kyrgyz Republic,1993,KGZ_1993_KMPS_v01_M,Multipurpose Poverty Survey 1993,household_person_keys,merge_key_gate,12,12,7,KINDIVH;KINDIV;CONADULT;KADIET;KADULT;KCHDIET;KCHILD,confirm household/person IDs; module key cardinality; duplicate keys; household-person join path; panel/wave IDs where relevant,"At least one household key and all needed person/module keys are raw-value verified, unique at the expected level, and joinable across required files.",blocked_no_original_package,blocked_no_original_archive_or_direct_files,blocked_no_original_package,unblocks household/person merge key gate,,,,,,,,,
12,sixth_country_backup_candidate,Kyrgyz Republic,1993,KGZ_1993_KMPS_v01_M,Multipurpose Poverty Survey 1993,weights_and_design,survey_design_gate,12,1,2,KPRICE3;CONADULT,confirm household/person weights; PSU/cluster; strata; sample domains; positive/nonmissing weight distribution; documentation source,Weights and design variables are raw-value verified and documented well enough for descriptive and model-weight sensitivity checks.,blocked_no_original_package,blocked_no_original_archive_or_direct_files,blocked_no_original_package,unblocks weighted prevalence and survey-design gate,,,,,,,,,
12,sixth_country_backup_candidate,Kyrgyz Republic,1993,KGZ_1993_KMPS_v01_M,Multipurpose Poverty Survey 1993,consumption_or_income,financial_denominator_gate,12,4,3,INCEXP;KADULT;KHHLD,confirm total consumption or income aggregate; currency; period; household level; zero/missing semantics; survey-team aggregate preference,"A household-level total consumption/income denominator is verified with unit, period, and missing semantics.",blocked_no_original_package,blocked_no_original_archive_or_direct_files,blocked_no_original_package,unblocks CHE10/CHE25 denominator review,,,,,,,,,
12,sixth_country_backup_candidate,Kyrgyz Republic,1993,KGZ_1993_KMPS_v01_M,Multipurpose Poverty Survey 1993,oop_health_expenditure,financial_outcome_gate,12,4,4,KHHLD;INCEXP;KADULT;KCHILD,confirm OOP health expenditure variables; payer scope; service/drug categories; recall periods; zero vs missing; aggregation policy,OOP health spending inputs are raw-value verified with recall period and aggregation policy documented.,blocked_no_original_package,blocked_no_original_archive_or_direct_files,blocked_no_original_package,unblocks financial-protection outcome construction review,,,,,,,,,
12,sixth_country_backup_candidate,Kyrgyz Republic,1993,KGZ_1993_KMPS_v01_M,Multipurpose Poverty Survey 1993,health_need_and_access,access_outcome_gate,12,0,4,INCEXP;KADULT;KCHILD;KYGPOV,confirm illness/need denominator; care sought; care not sought; cost/distance/supply barriers; skip pattern; person vs household level,"Need/access variables are raw-value verified with denominator, skip pattern, and barrier coding documented.",blocked_no_original_package,blocked_no_original_archive_or_direct_files,blocked_no_original_package,unblocks forgone-care and double-failure outcome review,,,,,,,,,
12,sixth_country_backup_candidate,Kyrgyz Republic,1993,KGZ_1993_KMPS_v01_M,Multipurpose Poverty Survey 1993,survey_timing,climate_timing_gate,12,8,6,CORE;KADULT;KCHILD;KHHLD;CONADULT;INCEXP,confirm interview date/month/year or fieldwork window; visit/season module; valid ranges; missing dates; usable lag-window anchor,"Survey timing is verified at month or date resolution, or a defensible fieldwork window is documented.",blocked_no_original_package,blocked_no_original_archive_or_direct_files,blocked_no_original_package,unblocks climate exposure lag-window construction,,,,,,,,,
12,sixth_country_backup_candidate,Kyrgyz Republic,1993,KGZ_1993_KMPS_v01_M,Multipurpose Poverty Survey 1993,climate_geography,climate_geography_gate,12,1,5,KPRICE3;CORE;KHHLD;CONADULT;KPRICE2,confirm GPS/cluster/EA/admin variables; coordinate quality; displacement/suppression; admin codes; rural/urban; boundary crosswalk path,"A geography route is raw-value verified and can support point, cluster, EA, or admin climate linkage with quality caveats.",blocked_no_original_package,blocked_no_original_archive_or_direct_files,blocked_no_original_package,unblocks CHIRPS/ERA5 linkage route review,,,,,,,,,
12,sixth_country_backup_candidate,Kyrgyz Republic,1993,KGZ_1993_KMPS_v01_M,Multipurpose Poverty Survey 1993,missing_codes_units_recall_skip_patterns,documentation_semantics_gate,0,0,0,,confirm value labels; missing/refused/don't-know codes; skip universes; units; recall periods; valid ranges; questionnaire text,"Critical variables have documented missing codes, units, recall periods, and skip patterns from raw metadata and questionnaires.",blocked_no_original_package,blocked_no_original_archive_or_direct_files,blocked_no_original_package,unblocks final raw-value promotion decision,,,,,,,,,
13,sixth_country_backup_candidate,Nepal,2010-2011,NPL_2010_LSS-III_v01_M,"Living Standards Survey 2010-2011, Third Round",household_person_keys,merge_key_gate,12,5,4,S10B;S12;S01;S21x,confirm household/person IDs; module key cardinality; duplicate keys; household-person join path; panel/wave IDs where relevant,"At least one household key and all needed person/module keys are raw-value verified, unique at the expected level, and joinable across required files.",blocked_no_original_package,blocked_no_original_archive_or_direct_files,blocked_no_original_package,unblocks household/person merge key gate,,,,,,,,,
13,sixth_country_backup_candidate,Nepal,2010-2011,NPL_2010_LSS-III_v01_M,"Living Standards Survey 2010-2011, Third Round",weights_and_design,survey_design_gate,12,12,12,anthro;S06B;S06C;S06D;S09D;S15D;S01;S21;S21x;S02,confirm household/person weights; PSU/cluster; strata; sample domains; positive/nonmissing weight distribution; documentation source,Weights and design variables are raw-value verified and documented well enough for descriptive and model-weight sensitivity checks.,blocked_no_original_package,blocked_no_original_archive_or_direct_files,blocked_no_original_package,unblocks weighted prevalence and survey-design gate,,,,,,,,,
13,sixth_country_backup_candidate,Nepal,2010-2011,NPL_2010_LSS-III_v01_M,"Living Standards Survey 2010-2011, Third Round",consumption_or_income,financial_denominator_gate,12,12,3,FINAL_PREF;S06B;S06A,confirm total consumption or income aggregate; currency; period; household level; zero/missing semantics; survey-team aggregate preference,"A household-level total consumption/income denominator is verified with unit, period, and missing semantics.",blocked_no_original_package,blocked_no_original_archive_or_direct_files,blocked_no_original_package,unblocks CHE10/CHE25 denominator review,,,,,,,,,
13,sixth_country_backup_candidate,Nepal,2010-2011,NPL_2010_LSS-III_v01_M,"Living Standards Survey 2010-2011, Third Round",oop_health_expenditure,financial_outcome_gate,6,6,1,S08,confirm OOP health expenditure variables; payer scope; service/drug categories; recall periods; zero vs missing; aggregation policy,OOP health spending inputs are raw-value verified with recall period and aggregation policy documented.,blocked_no_original_package,blocked_no_original_archive_or_direct_files,blocked_no_original_package,unblocks financial-protection outcome construction review,,,,,,,,,
13,sixth_country_backup_candidate,Nepal,2010-2011,NPL_2010_LSS-III_v01_M,"Living Standards Survey 2010-2011, Third Round",health_need_and_access,access_outcome_gate,12,5,4,S08;S19;S09B;S03,confirm illness/need denominator; care sought; care not sought; cost/distance/supply barriers; skip pattern; person vs household level,"Need/access variables are raw-value verified with denominator, skip pattern, and barrier coding documented.",blocked_no_original_package,blocked_no_original_archive_or_direct_files,blocked_no_original_package,unblocks forgone-care and double-failure outcome review,,,,,,,,,
13,sixth_country_backup_candidate,Nepal,2010-2011,NPL_2010_LSS-III_v01_M,"Living Standards Survey 2010-2011, Third Round",survey_timing,climate_timing_gate,12,12,3,sys;FINAL_PREF;S00,confirm interview date/month/year or fieldwork window; visit/season module; valid ranges; missing dates; usable lag-window anchor,"Survey timing is verified at month or date resolution, or a defensible fieldwork window is documented.",blocked_no_original_package,blocked_no_original_archive_or_direct_files,blocked_no_original_package,unblocks climate exposure lag-window construction,,,,,,,,,
13,sixth_country_backup_candidate,Nepal,2010-2011,NPL_2010_LSS-III_v01_M,"Living Standards Survey 2010-2011, Third Round",climate_geography,climate_geography_gate,12,1,5,S00;S01;S21;S04;FINAL_PREF,confirm GPS/cluster/EA/admin variables; coordinate quality; displacement/suppression; admin codes; rural/urban; boundary crosswalk path,"A geography route is raw-value verified and can support point, cluster, EA, or admin climate linkage with quality caveats.",blocked_no_original_package,blocked_no_original_archive_or_direct_files,blocked_no_original_package,unblocks CHIRPS/ERA5 linkage route review,,,,,,,,,
13,sixth_country_backup_candidate,Nepal,2010-2011,NPL_2010_LSS-III_v01_M,"Living Standards Survey 2010-2011, Third Round",missing_codes_units_recall_skip_patterns,documentation_semantics_gate,0,0,0,,confirm value labels; missing/refused/don't-know codes; skip universes; units; recall periods; valid ranges; questionnaire text,"Critical variables have documented missing codes, units, recall periods, and skip patterns from raw metadata and questionnaires.",blocked_no_original_package,blocked_no_original_archive_or_direct_files,blocked_no_original_package,unblocks final raw-value promotion decision,,,,,,,,,
14,replacement_backup_wave,Malawi,2019-2020,MWI_2019_IHS-V_v06_M,Fifth Integrated Household Survey 2019-2020,household_person_keys,merge_key_gate,12,12,12,HH_MOD_B.dta;ag_mod_c.dta;ag_mod_j.dta;ag_mod_o2.dta;HH_MOD_F1.dta;HH_MOD_N2.dta;HH_MOD_X.dta;HH_MOD_D.dta;HH_MOD_E.dta;fs_mod_b.dta,confirm household/person IDs; module key cardinality; duplicate keys; household-person join path; panel/wave IDs where relevant,"At least one household key and all needed person/module keys are raw-value verified, unique at the expected level, and joinable across required files.",blocked_no_original_package,blocked_no_original_archive_or_direct_files,blocked_no_original_package,unblocks household/person merge key gate,,,,,,,,,
14,replacement_backup_wave,Malawi,2019-2020,MWI_2019_IHS-V_v06_M,Fifth Integrated Household Survey 2019-2020,weights_and_design,survey_design_gate,12,12,11,hh_mod_a_filt.dta;householdgeovariables_ihs5.dta;ihs5_consumption_aggregate.dta;com_cc.dta;com_meta.dta;com_ca.dta;com_cb.dta;com_cd.dta;com_ce.dta;com_cf1.dta,confirm household/person weights; PSU/cluster; strata; sample domains; positive/nonmissing weight distribution; documentation source,Weights and design variables are raw-value verified and documented well enough for descriptive and model-weight sensitivity checks.,blocked_no_original_package,blocked_no_original_archive_or_direct_files,blocked_no_original_package,unblocks weighted prevalence and survey-design gate,,,,,,,,,
14,replacement_backup_wave,Malawi,2019-2020,MWI_2019_IHS-V_v06_M,Fifth Integrated Household Survey 2019-2020,consumption_or_income,financial_denominator_gate,12,12,6,HH_MOD_G1.dta;HH_MOD_K1.dta;HH_MOD_K2.dta;HH_MOD_T.dta;HH_MOD_I1.dta;HH_MOD_I2.dta,confirm total consumption or income aggregate; currency; period; household level; zero/missing semantics; survey-team aggregate preference,"A household-level total consumption/income denominator is verified with unit, period, and missing semantics.",blocked_no_original_package,blocked_no_original_archive_or_direct_files,blocked_no_original_package,unblocks CHE10/CHE25 denominator review,,,,,,,,,
14,replacement_backup_wave,Malawi,2019-2020,MWI_2019_IHS-V_v06_M,Fifth Integrated Household Survey 2019-2020,oop_health_expenditure,financial_outcome_gate,12,12,1,HH_MOD_D.dta,confirm OOP health expenditure variables; payer scope; service/drug categories; recall periods; zero vs missing; aggregation policy,OOP health spending inputs are raw-value verified with recall period and aggregation policy documented.,blocked_no_original_package,blocked_no_original_archive_or_direct_files,blocked_no_original_package,unblocks financial-protection outcome construction review,,,,,,,,,
14,replacement_backup_wave,Malawi,2019-2020,MWI_2019_IHS-V_v06_M,Fifth Integrated Household Survey 2019-2020,health_need_and_access,access_outcome_gate,12,12,2,com_cd.dta;HH_MOD_D.dta,confirm illness/need denominator; care sought; care not sought; cost/distance/supply barriers; skip pattern; person vs household level,"Need/access variables are raw-value verified with denominator, skip pattern, and barrier coding documented.",blocked_no_original_package,blocked_no_original_archive_or_direct_files,blocked_no_original_package,unblocks forgone-care and double-failure outcome review,,,,,,,,,
14,replacement_backup_wave,Malawi,2019-2020,MWI_2019_IHS-V_v06_M,Fifth Integrated Household Survey 2019-2020,survey_timing,climate_timing_gate,12,12,3,hh_mod_a_filt.dta;com_ca.dta;HH_MOD_META.dta,confirm interview date/month/year or fieldwork window; visit/season module; valid ranges; missing dates; usable lag-window anchor,"Survey timing is verified at month or date resolution, or a defensible fieldwork window is documented.",blocked_no_original_package,blocked_no_original_archive_or_direct_files,blocked_no_original_package,unblocks climate exposure lag-window construction,,,,,,,,,
14,replacement_backup_wave,Malawi,2019-2020,MWI_2019_IHS-V_v06_M,Fifth Integrated Household Survey 2019-2020,climate_geography,climate_geography_gate,12,12,7,ihs5_consumption_aggregate.dta;hh_mod_a_filt.dta;householdgeovariables_ihs5.dta;ag_mod_c.dta;ag_mod_j.dta;ag_mod_o2.dta;HH_MOD_F1.dta,confirm GPS/cluster/EA/admin variables; coordinate quality; displacement/suppression; admin codes; rural/urban; boundary crosswalk path,"A geography route is raw-value verified and can support point, cluster, EA, or admin climate linkage with quality caveats.",blocked_no_original_package,blocked_no_original_archive_or_direct_files,blocked_no_original_package,unblocks CHIRPS/ERA5 linkage route review,,,,,,,,,
14,replacement_backup_wave,Malawi,2019-2020,MWI_2019_IHS-V_v06_M,Fifth Integrated Household Survey 2019-2020,missing_codes_units_recall_skip_patterns,documentation_semantics_gate,0,0,0,,confirm value labels; missing/refused/don't-know codes; skip universes; units; recall periods; valid ranges; questionnaire text,"Critical variables have documented missing codes, units, recall periods, and skip patterns from raw metadata and questionnaires.",blocked_no_original_package,blocked_no_original_archive_or_direct_files,blocked_no_original_package,unblocks final raw-value promotion decision,,,,,,,,,
15,replacement_backup_wave,Malawi,2016-2017,MWI_2016_IHS-IV_v04_M,Fourth Integrated Household Survey 2016-2017,household_person_keys,merge_key_gate,12,12,12,HH_MOD_B;AG_MOD_J;AG_MOD_B1;AG_MOD_C;AG_MOD_I1;AG_MOD_O1;AG_MOD_O2;HH_METADATA;HH_MOD_G3;ag_mod_e3,confirm household/person IDs; module key cardinality; duplicate keys; household-person join path; panel/wave IDs where relevant,"At least one household key and all needed person/module keys are raw-value verified, unique at the expected level, and joinable across required files.",blocked_no_original_package,blocked_no_original_archive_or_direct_files,blocked_no_original_package,unblocks household/person merge key gate,,,,,,,,,
15,replacement_backup_wave,Malawi,2016-2017,MWI_2016_IHS-IV_v04_M,Fourth Integrated Household Survey 2016-2017,weights_and_design,survey_design_gate,12,12,12,HH_MOD_A_FILT;IHS4 Consumption Aggregate;com_ch;COM_CA;COM_CB;COM_CC;COM_CD;COM_CE;COM_CF1;COM_CF2,confirm household/person weights; PSU/cluster; strata; sample domains; positive/nonmissing weight distribution; documentation source,Weights and design variables are raw-value verified and documented well enough for descriptive and model-weight sensitivity checks.,blocked_no_original_package,blocked_no_original_archive_or_direct_files,blocked_no_original_package,unblocks weighted prevalence and survey-design gate,,,,,,,,,
15,replacement_backup_wave,Malawi,2016-2017,MWI_2016_IHS-IV_v04_M,Fourth Integrated Household Survey 2016-2017,consumption_or_income,financial_denominator_gate,12,12,5,HH_MOD_G1;HH_MOD_K1;HH_MOD_K2;HH_MOD_I1;HH_MOD_I2,confirm total consumption or income aggregate; currency; period; household level; zero/missing semantics; survey-team aggregate preference,"A household-level total consumption/income denominator is verified with unit, period, and missing semantics.",blocked_no_original_package,blocked_no_original_archive_or_direct_files,blocked_no_original_package,unblocks CHE10/CHE25 denominator review,,,,,,,,,
15,replacement_backup_wave,Malawi,2016-2017,MWI_2016_IHS-IV_v04_M,Fourth Integrated Household Survey 2016-2017,oop_health_expenditure,financial_outcome_gate,10,10,1,HH_MOD_D,confirm OOP health expenditure variables; payer scope; service/drug categories; recall periods; zero vs missing; aggregation policy,OOP health spending inputs are raw-value verified with recall period and aggregation policy documented.,blocked_no_original_package,blocked_no_original_archive_or_direct_files,blocked_no_original_package,unblocks financial-protection outcome construction review,,,,,,,,,
15,replacement_backup_wave,Malawi,2016-2017,MWI_2016_IHS-IV_v04_M,Fourth Integrated Household Survey 2016-2017,health_need_and_access,access_outcome_gate,12,8,3,COM_CD;HH_MOD_D;AG_MOD_D,confirm illness/need denominator; care sought; care not sought; cost/distance/supply barriers; skip pattern; person vs household level,"Need/access variables are raw-value verified with denominator, skip pattern, and barrier coding documented.",blocked_no_original_package,blocked_no_original_archive_or_direct_files,blocked_no_original_package,unblocks forgone-care and double-failure outcome review,,,,,,,,,
15,replacement_backup_wave,Malawi,2016-2017,MWI_2016_IHS-IV_v04_M,Fourth Integrated Household Survey 2016-2017,survey_timing,climate_timing_gate,12,12,3,COM_CA;HH_MOD_A_FILT;HH_METADATA,confirm interview date/month/year or fieldwork window; visit/season module; valid ranges; missing dates; usable lag-window anchor,"Survey timing is verified at month or date resolution, or a defensible fieldwork window is documented.",blocked_no_original_package,blocked_no_original_archive_or_direct_files,blocked_no_original_package,unblocks climate exposure lag-window construction,,,,,,,,,
15,replacement_backup_wave,Malawi,2016-2017,MWI_2016_IHS-IV_v04_M,Fourth Integrated Household Survey 2016-2017,climate_geography,climate_geography_gate,12,12,7,HH_MOD_A_FILT;IHS4 Consumption Aggregate;AG_MOD_J;AG_MOD_B1;AG_MOD_C;AG_MOD_I1;AG_MOD_O1,confirm GPS/cluster/EA/admin variables; coordinate quality; displacement/suppression; admin codes; rural/urban; boundary crosswalk path,"A geography route is raw-value verified and can support point, cluster, EA, or admin climate linkage with quality caveats.",blocked_no_original_package,blocked_no_original_archive_or_direct_files,blocked_no_original_package,unblocks CHIRPS/ERA5 linkage route review,,,,,,,,,
15,replacement_backup_wave,Malawi,2016-2017,MWI_2016_IHS-IV_v04_M,Fourth Integrated Household Survey 2016-2017,missing_codes_units_recall_skip_patterns,documentation_semantics_gate,0,0,0,,confirm value labels; missing/refused/don't-know codes; skip universes; units; recall periods; valid ranges; questionnaire text,"Critical variables have documented missing codes, units, recall periods, and skip patterns from raw metadata and questionnaires.",blocked_no_original_package,blocked_no_original_archive_or_direct_files,blocked_no_original_package,unblocks final raw-value promotion decision,,,,,,,,,
16,replacement_backup_wave,Malawi,2010-2011,MWI_2010_IHS-III_v01_M,Third Integrated Household Survey 2010-2011,household_person_keys,merge_key_gate,12,12,12,HouseholdGeovariables.NSDstat;HH_MOD_A_FILT.NSDstat;HH_MOD_H.NSDstat;HH_MOD_I1.NSDstat;HH_MOD_I2.NSDstat;HH_MOD_J.NSDstat;HH_MOD_K.NSDstat;HH_MOD_L.NSDstat;HH_MOD_M.NSDstat;HH_MOD_N1.NSDstat,confirm household/person IDs; module key cardinality; duplicate keys; household-person join path; panel/wave IDs where relevant,"At least one household key and all needed person/module keys are raw-value verified, unique at the expected level, and joinable across required files.",blocked_no_original_package,blocked_no_original_archive_or_direct_files,blocked_no_original_package,unblocks household/person merge key gate,,,,,,,,,
16,replacement_backup_wave,Malawi,2010-2011,MWI_2010_IHS-III_v01_M,Third Integrated Household Survey 2010-2011,weights_and_design,survey_design_gate,12,12,11,Round 1 (2010) Consumption Aggregate.NSDstat;HouseholdGeovariables.NSDstat;HH_MOD_A_FILT.NSDstat;HH_MOD_H.NSDstat;HH_MOD_I1.NSDstat;HH_MOD_I2.NSDstat;HH_MOD_J.NSDstat;HH_MOD_K.NSDstat;HH_MOD_L.NSDstat;HH_MOD_M.NSDstat,confirm household/person weights; PSU/cluster; strata; sample domains; positive/nonmissing weight distribution; documentation source,Weights and design variables are raw-value verified and documented well enough for descriptive and model-weight sensitivity checks.,blocked_no_original_package,blocked_no_original_archive_or_direct_files,blocked_no_original_package,unblocks weighted prevalence and survey-design gate,,,,,,,,,
16,replacement_backup_wave,Malawi,2010-2011,MWI_2010_IHS-III_v01_M,Third Integrated Household Survey 2010-2011,consumption_or_income,financial_denominator_gate,12,12,3,Round 1 (2010) Consumption Aggregate.NSDstat;ihs3fc2M_consumption.NSDstat;HH_MOD_T.NSDstat,confirm total consumption or income aggregate; currency; period; household level; zero/missing semantics; survey-team aggregate preference,"A household-level total consumption/income denominator is verified with unit, period, and missing semantics.",blocked_no_original_package,blocked_no_original_archive_or_direct_files,blocked_no_original_package,unblocks CHE10/CHE25 denominator review,,,,,,,,,
16,replacement_backup_wave,Malawi,2010-2011,MWI_2010_IHS-III_v01_M,Third Integrated Household Survey 2010-2011,oop_health_expenditure,financial_outcome_gate,5,4,1,HH_MOD_D.NSDstat,confirm OOP health expenditure variables; payer scope; service/drug categories; recall periods; zero vs missing; aggregation policy,OOP health spending inputs are raw-value verified with recall period and aggregation policy documented.,blocked_no_original_package,blocked_no_original_archive_or_direct_files,blocked_no_original_package,unblocks financial-protection outcome construction review,,,,,,,,,
16,replacement_backup_wave,Malawi,2010-2011,MWI_2010_IHS-III_v01_M,Third Integrated Household Survey 2010-2011,health_need_and_access,access_outcome_gate,12,11,2,COM_CD.NSDstat;HH_MOD_D.NSDstat,confirm illness/need denominator; care sought; care not sought; cost/distance/supply barriers; skip pattern; person vs household level,"Need/access variables are raw-value verified with denominator, skip pattern, and barrier coding documented.",blocked_no_original_package,blocked_no_original_archive_or_direct_files,blocked_no_original_package,unblocks forgone-care and double-failure outcome review,,,,,,,,,
16,replacement_backup_wave,Malawi,2010-2011,MWI_2010_IHS-III_v01_M,Third Integrated Household Survey 2010-2011,survey_timing,climate_timing_gate,12,12,6,HH_MOD_A_FILT.NSDstat;COM_CA.NSDstat;Round 1 (2010) Consumption Aggregate.NSDstat;AG_MOD_B.NSDstat;AG_MOD_G.NSDstat;AG_MOD_M.NSDstat,confirm interview date/month/year or fieldwork window; visit/season module; valid ranges; missing dates; usable lag-window anchor,"Survey timing is verified at month or date resolution, or a defensible fieldwork window is documented.",blocked_no_original_package,blocked_no_original_archive_or_direct_files,blocked_no_original_package,unblocks climate exposure lag-window construction,,,,,,,,,
16,replacement_backup_wave,Malawi,2010-2011,MWI_2010_IHS-III_v01_M,Third Integrated Household Survey 2010-2011,climate_geography,climate_geography_gate,12,12,10,HouseholdGeovariables.NSDstat;PlotGeovariables.NSDstat;HH_MOD_A_FILT.NSDstat;HH_MOD_H.NSDstat;HH_MOD_I1.NSDstat;HH_MOD_I2.NSDstat;HH_MOD_J.NSDstat;HH_MOD_K.NSDstat;HH_MOD_L.NSDstat;HH_MOD_M.NSDstat,confirm GPS/cluster/EA/admin variables; coordinate quality; displacement/suppression; admin codes; rural/urban; boundary crosswalk path,"A geography route is raw-value verified and can support point, cluster, EA, or admin climate linkage with quality caveats.",blocked_no_original_package,blocked_no_original_archive_or_direct_files,blocked_no_original_package,unblocks CHIRPS/ERA5 linkage route review,,,,,,,,,
16,replacement_backup_wave,Malawi,2010-2011,MWI_2010_IHS-III_v01_M,Third Integrated Household Survey 2010-2011,missing_codes_units_recall_skip_patterns,documentation_semantics_gate,0,0,0,,confirm value labels; missing/refused/don't-know codes; skip universes; units; recall periods; valid ranges; questionnaire text,"Critical variables have documented missing codes, units, recall periods, and skip patterns from raw metadata and questionnaires.",blocked_no_original_package,blocked_no_original_archive_or_direct_files,blocked_no_original_package,unblocks final raw-value promotion decision,,,,,,,,,
17,replacement_backup_wave,Uganda,2011-2012,UGA_2011_UNPS_v02_M,National Panel Survey 2011-2012,household_person_keys,merge_key_gate,12,12,11,UNPS 2011-12 Consumption Aggregate.NSDstat;GSEC2.NSDstat;GSEC1.NSDstat;GSEC3.NSDstat;GSEC4.NSDstat;GSEC5.NSDstat;GSEC6A.NSDstat;GSEC6B.NSDstat;GSEC6C.NSDstat;GSEC8.NSDstat,confirm household/person IDs; module key cardinality; duplicate keys; household-person join path; panel/wave IDs where relevant,"At least one household key and all needed person/module keys are raw-value verified, unique at the expected level, and joinable across required files.",blocked_no_original_package,blocked_no_original_archive_or_direct_files,blocked_no_original_package,unblocks household/person merge key gate,,,,,,,,,
17,replacement_backup_wave,Uganda,2011-2012,UGA_2011_UNPS_v02_M,National Panel Survey 2011-2012,weights_and_design,survey_design_gate,12,0,4,AGSEC2B.NSDstat;GSEC1.NSDstat;AGSEC2A.NSDstat;CSEC1.NSDstat,confirm household/person weights; PSU/cluster; strata; sample domains; positive/nonmissing weight distribution; documentation source,Weights and design variables are raw-value verified and documented well enough for descriptive and model-weight sensitivity checks.,blocked_no_original_package,blocked_no_original_archive_or_direct_files,blocked_no_original_package,unblocks weighted prevalence and survey-design gate,,,,,,,,,
17,replacement_backup_wave,Uganda,2011-2012,UGA_2011_UNPS_v02_M,National Panel Survey 2011-2012,consumption_or_income,financial_denominator_gate,12,12,4,UNPS 2011-12 Consumption Aggregate.NSDstat;GSEC15BB.NSDstat;GSEC15B.NSDstat;GSEC15C.NSDstat,confirm total consumption or income aggregate; currency; period; household level; zero/missing semantics; survey-team aggregate preference,"A household-level total consumption/income denominator is verified with unit, period, and missing semantics.",blocked_no_original_package,blocked_no_original_archive_or_direct_files,blocked_no_original_package,unblocks CHE10/CHE25 denominator review,,,,,,,,,
17,replacement_backup_wave,Uganda,2011-2012,UGA_2011_UNPS_v02_M,National Panel Survey 2011-2012,oop_health_expenditure,financial_outcome_gate,5,3,3,GSEC5.NSDstat;GSEC6A.NSDstat;AGSEC7B.NSDstat,confirm OOP health expenditure variables; payer scope; service/drug categories; recall periods; zero vs missing; aggregation policy,OOP health spending inputs are raw-value verified with recall period and aggregation policy documented.,blocked_no_original_package,blocked_no_original_archive_or_direct_files,blocked_no_original_package,unblocks financial-protection outcome construction review,,,,,,,,,
17,replacement_backup_wave,Uganda,2011-2012,UGA_2011_UNPS_v02_M,National Panel Survey 2011-2012,health_need_and_access,access_outcome_gate,12,12,9,CSEC4n.NSDstat;CSEC4ab.NSDstat;CSEC4l.NSDstat;CSEC2b.NSDstat;CSEC4c.NSDstat;CSEC4d.NSDstat;CSEC4e.NSDstat;CSEC4f.NSDstat;CSEC4k.NSDstat,confirm illness/need denominator; care sought; care not sought; cost/distance/supply barriers; skip pattern; person vs household level,"Need/access variables are raw-value verified with denominator, skip pattern, and barrier coding documented.",blocked_no_original_package,blocked_no_original_archive_or_direct_files,blocked_no_original_package,unblocks forgone-care and double-failure outcome review,,,,,,,,,
17,replacement_backup_wave,Uganda,2011-2012,UGA_2011_UNPS_v02_M,National Panel Survey 2011-2012,survey_timing,climate_timing_gate,12,12,4,CSEC1.NSDstat;AGSEC1.NSDstat;AGSEC9.NSDstat;CSEC3i.NSDstat,confirm interview date/month/year or fieldwork window; visit/season module; valid ranges; missing dates; usable lag-window anchor,"Survey timing is verified at month or date resolution, or a defensible fieldwork window is documented.",blocked_no_original_package,blocked_no_original_archive_or_direct_files,blocked_no_original_package,unblocks climate exposure lag-window construction,,,,,,,,,
17,replacement_backup_wave,Uganda,2011-2012,UGA_2011_UNPS_v02_M,National Panel Survey 2011-2012,climate_geography,climate_geography_gate,12,12,1,CSEC1.NSDstat,confirm GPS/cluster/EA/admin variables; coordinate quality; displacement/suppression; admin codes; rural/urban; boundary crosswalk path,"A geography route is raw-value verified and can support point, cluster, EA, or admin climate linkage with quality caveats.",blocked_no_original_package,blocked_no_original_archive_or_direct_files,blocked_no_original_package,unblocks CHIRPS/ERA5 linkage route review,,,,,,,,,
17,replacement_backup_wave,Uganda,2011-2012,UGA_2011_UNPS_v02_M,National Panel Survey 2011-2012,missing_codes_units_recall_skip_patterns,documentation_semantics_gate,0,0,0,,confirm value labels; missing/refused/don't-know codes; skip universes; units; recall periods; valid ranges; questionnaire text,"Critical variables have documented missing codes, units, recall periods, and skip patterns from raw metadata and questionnaires.",blocked_no_original_package,blocked_no_original_archive_or_direct_files,blocked_no_original_package,unblocks final raw-value promotion decision,,,,,,,,,
18,replacement_backup_wave,Uganda,2018-2019,UGA_2018_UNPS_v02_M,Uganda National Panel Survey 2018-2019,household_person_keys,merge_key_gate,12,12,11,GSEC2;GSEC1;GSEC2B;GSEC4;GSEC5;GSEC6_1;GSEC6_3;GSEC6_5;GSEC6_6;GSEC7_1,confirm household/person IDs; module key cardinality; duplicate keys; household-person join path; panel/wave IDs where relevant,"At least one household key and all needed person/module keys are raw-value verified, unique at the expected level, and joinable across required files.",blocked_no_original_package,blocked_no_original_archive_or_direct_files,blocked_no_original_package,unblocks household/person merge key gate,,,,,,,,,
18,replacement_backup_wave,Uganda,2018-2019,UGA_2018_UNPS_v02_M,Uganda National Panel Survey 2018-2019,weights_and_design,survey_design_gate,12,0,7,WSEC1A;GSEC1;GSEC6_6;GSEC12_2;GSEC15A;WSEC5;CSEC1A,confirm household/person weights; PSU/cluster; strata; sample domains; positive/nonmissing weight distribution; documentation source,Weights and design variables are raw-value verified and documented well enough for descriptive and model-weight sensitivity checks.,blocked_no_original_package,blocked_no_original_archive_or_direct_files,blocked_no_original_package,unblocks weighted prevalence and survey-design gate,,,,,,,,,
18,replacement_backup_wave,Uganda,2018-2019,UGA_2018_UNPS_v02_M,Uganda National Panel Survey 2018-2019,consumption_or_income,financial_denominator_gate,12,8,4,pov2018_19;GSEC15E;GSEC7_2;GSEC15B,confirm total consumption or income aggregate; currency; period; household level; zero/missing semantics; survey-team aggregate preference,"A household-level total consumption/income denominator is verified with unit, period, and missing semantics.",blocked_no_original_package,blocked_no_original_archive_or_direct_files,blocked_no_original_package,unblocks CHE10/CHE25 denominator review,,,,,,,,,
18,replacement_backup_wave,Uganda,2018-2019,UGA_2018_UNPS_v02_M,Uganda National Panel Survey 2018-2019,oop_health_expenditure,financial_outcome_gate,2,0,1,GSEC6_3,confirm OOP health expenditure variables; payer scope; service/drug categories; recall periods; zero vs missing; aggregation policy,OOP health spending inputs are raw-value verified with recall period and aggregation policy documented.,blocked_no_original_package,blocked_no_original_archive_or_direct_files,blocked_no_original_package,unblocks financial-protection outcome construction review,,,,,,,,,
18,replacement_backup_wave,Uganda,2018-2019,UGA_2018_UNPS_v02_M,Uganda National Panel Survey 2018-2019,health_need_and_access,access_outcome_gate,12,12,6,CSEC4L;CSEC4B;CSEC2B;CSEC4C;CSEC4D;CSEC4F,confirm illness/need denominator; care sought; care not sought; cost/distance/supply barriers; skip pattern; person vs household level,"Need/access variables are raw-value verified with denominator, skip pattern, and barrier coding documented.",blocked_no_original_package,blocked_no_original_archive_or_direct_files,blocked_no_original_package,unblocks forgone-care and double-failure outcome review,,,,,,,,,
18,replacement_backup_wave,Uganda,2018-2019,UGA_2018_UNPS_v02_M,Uganda National Panel Survey 2018-2019,survey_timing,climate_timing_gate,12,12,4,CSEC1B;GSEC12_2;WSEC1A;GSEC1,confirm interview date/month/year or fieldwork window; visit/season module; valid ranges; missing dates; usable lag-window anchor,"Survey timing is verified at month or date resolution, or a defensible fieldwork window is documented.",blocked_no_original_package,blocked_no_original_archive_or_direct_files,blocked_no_original_package,unblocks climate exposure lag-window construction,,,,,,,,,
18,replacement_backup_wave,Uganda,2018-2019,UGA_2018_UNPS_v02_M,Uganda National Panel Survey 2018-2019,climate_geography,climate_geography_gate,12,12,4,WSEC1A;GSEC1;pov2018_19;AGSEC1,confirm GPS/cluster/EA/admin variables; coordinate quality; displacement/suppression; admin codes; rural/urban; boundary crosswalk path,"A geography route is raw-value verified and can support point, cluster, EA, or admin climate linkage with quality caveats.",blocked_no_original_package,blocked_no_original_archive_or_direct_files,blocked_no_original_package,unblocks CHIRPS/ERA5 linkage route review,,,,,,,,,
18,replacement_backup_wave,Uganda,2018-2019,UGA_2018_UNPS_v02_M,Uganda National Panel Survey 2018-2019,missing_codes_units_recall_skip_patterns,documentation_semantics_gate,0,0,0,,confirm value labels; missing/refused/don't-know codes; skip universes; units; recall periods; valid ranges; questionnaire text,"Critical variables have documented missing codes, units, recall periods, and skip patterns from raw metadata and questionnaires.",blocked_no_original_package,blocked_no_original_archive_or_direct_files,blocked_no_original_package,unblocks final raw-value promotion decision,,,,,,,,,
19,replacement_backup_wave,Uganda,2015-2016,UGA_2015_UNPS_v02_M,National Panel Survey 2015-2016,household_person_keys,merge_key_gate,12,12,12,unps_geovars_2015_16;gsec2;gsec3;gsec4;gsec5;gsec6_1;gsec6_3;gsec8;gsec15bb_3;WSEC1A,confirm household/person IDs; module key cardinality; duplicate keys; household-person join path; panel/wave IDs where relevant,"At least one household key and all needed person/module keys are raw-value verified, unique at the expected level, and joinable across required files.",blocked_no_original_package,blocked_no_original_archive_or_direct_files,blocked_no_original_package,unblocks household/person merge key gate,,,,,,,,,
19,replacement_backup_wave,Uganda,2015-2016,UGA_2015_UNPS_v02_M,National Panel Survey 2015-2016,weights_and_design,survey_design_gate,12,3,4,gsec1;AGSEC1;gsec2;CSEC1A,confirm household/person weights; PSU/cluster; strata; sample domains; positive/nonmissing weight distribution; documentation source,Weights and design variables are raw-value verified and documented well enough for descriptive and model-weight sensitivity checks.,blocked_no_original_package,blocked_no_original_archive_or_direct_files,blocked_no_original_package,unblocks weighted prevalence and survey-design gate,,,,,,,,,
19,replacement_backup_wave,Uganda,2015-2016,UGA_2015_UNPS_v02_M,National Panel Survey 2015-2016,consumption_or_income,financial_denominator_gate,12,7,3,pov2015_16;AGSEC1;gsec1,confirm total consumption or income aggregate; currency; period; household level; zero/missing semantics; survey-team aggregate preference,"A household-level total consumption/income denominator is verified with unit, period, and missing semantics.",blocked_no_original_package,blocked_no_original_archive_or_direct_files,blocked_no_original_package,unblocks CHE10/CHE25 denominator review,,,,,,,,,
19,replacement_backup_wave,Uganda,2015-2016,UGA_2015_UNPS_v02_M,National Panel Survey 2015-2016,oop_health_expenditure,financial_outcome_gate,3,1,2,gsec5;AGSEC7B,confirm OOP health expenditure variables; payer scope; service/drug categories; recall periods; zero vs missing; aggregation policy,OOP health spending inputs are raw-value verified with recall period and aggregation policy documented.,blocked_no_original_package,blocked_no_original_archive_or_direct_files,blocked_no_original_package,unblocks financial-protection outcome construction review,,,,,,,,,
19,replacement_backup_wave,Uganda,2015-2016,UGA_2015_UNPS_v02_M,National Panel Survey 2015-2016,health_need_and_access,access_outcome_gate,12,12,5,CSEC4B_1;CSEC4M;gsec5;CSEC2B_1;CSEC4A_1,confirm illness/need denominator; care sought; care not sought; cost/distance/supply barriers; skip pattern; person vs household level,"Need/access variables are raw-value verified with denominator, skip pattern, and barrier coding documented.",blocked_no_original_package,blocked_no_original_archive_or_direct_files,blocked_no_original_package,unblocks forgone-care and double-failure outcome review,,,,,,,,,
19,replacement_backup_wave,Uganda,2015-2016,UGA_2015_UNPS_v02_M,National Panel Survey 2015-2016,survey_timing,climate_timing_gate,12,8,9,CSEC6A_1;CSEC6F_1;gsec1;WSEC5;CSEC3I;CSEC4M;GSEC16;gsec2;gsec3,confirm interview date/month/year or fieldwork window; visit/season module; valid ranges; missing dates; usable lag-window anchor,"Survey timing is verified at month or date resolution, or a defensible fieldwork window is documented.",blocked_no_original_package,blocked_no_original_archive_or_direct_files,blocked_no_original_package,unblocks climate exposure lag-window construction,,,,,,,,,
19,replacement_backup_wave,Uganda,2015-2016,UGA_2015_UNPS_v02_M,National Panel Survey 2015-2016,climate_geography,climate_geography_gate,12,11,4,AGSEC2B;gsec1;AGSEC1;pov2015_16,confirm GPS/cluster/EA/admin variables; coordinate quality; displacement/suppression; admin codes; rural/urban; boundary crosswalk path,"A geography route is raw-value verified and can support point, cluster, EA, or admin climate linkage with quality caveats.",blocked_no_original_package,blocked_no_original_archive_or_direct_files,blocked_no_original_package,unblocks CHIRPS/ERA5 linkage route review,,,,,,,,,
19,replacement_backup_wave,Uganda,2015-2016,UGA_2015_UNPS_v02_M,National Panel Survey 2015-2016,missing_codes_units_recall_skip_patterns,documentation_semantics_gate,0,0,0,,confirm value labels; missing/refused/don't-know codes; skip universes; units; recall periods; valid ranges; questionnaire text,"Critical variables have documented missing codes, units, recall periods, and skip patterns from raw metadata and questionnaires.",blocked_no_original_package,blocked_no_original_archive_or_direct_files,blocked_no_original_package,unblocks final raw-value promotion decision,,,,,,,,,
